id,web_name,first_name,second_name,element_type,position,team_id,team_name,team_short,now_cost,status,chance_of_playing_next_round,selected_by_percent,form,points_per_game,influence,creativity,threat,ict_index
1,Raya,David,Raya Martín,1,GK,1,Arsenal,ARS,5.5,a,,19.5,10.0,10.0,49.2,0.0,0.0,4.9
2,Arrizabalaga,Kepa,Arrizabalaga Revuelta,1,GK,1,Arsenal,ARS,4.5,a,,0.9,0.0,0.0,0.0,0.0,0.0,0.0
3,Hein,Karl,Hein,1,GK,1,Arsenal,ARS,4.0,a,,0.6,0.0,0.0,0.0,0.0,0.0,0.0
4,Setford,Tommy,Setford,1,GK,1,Arsenal,ARS,4.0,a,,0.2,0.0,0.0,0.0,0.0,0.0,0.0
5,Gabriel,Gabriel,dos Santos Magalhães,2,DEF,1,Arsenal,ARS,6.0,a,,19.3,6.0,6.0,22.8,0.3,4.0,2.7
6,Saliba,William,Saliba,2,DEF,1,Arsenal,ARS,6.0,a,,15.9,9.0,9.0,31.4,0.1,0.0,3.2
7,Calafiori,Riccardo,Calafiori,2,DEF,1,Arsenal,ARS,5.5,a,,2.7,13.0,13.0,36.2,2.1,35.0,7.3
8,J.Timber,Jurriën,Timber,2,DEF,1,Arsenal,ARS,5.5,a,,2.1,0.0,0.0,3.0,0.3,0.0,0.3
9,Kiwior,Jakub,Kiwior,2,DEF,1,Arsenal,ARS,5.5,a,,0.1,0.0,0.0,0.0,0.0,0.0,0.0
10,Lewis-Skelly,Myles,Lewis-Skelly,2,DEF,1,Arsenal,ARS,5.5,a,,4.0,0.0,0.0,0.2,0.0,0.0,0.0
11,White,Benjamin,White,2,DEF,1,Arsenal,ARS,5.5,a,,1.0,6.0,6.0,15.4,11.3,1.0,2.8
12,Zinchenko,Oleksandr,Zinchenko,2,DEF,1,Arsenal,ARS,5.0,a,,0.4,0.0,0.0,0.0,0.0,0.0,0.0
13,Clarke,Brayden,Clarke,2,DEF,1,Arsenal,ARS,4.0,a,,0.6,0.0,0.0,0.0,0.0,0.0,0.0
14,Kacurri,Maldini,Kacurri,2,DEF,1,Arsenal,ARS,4.0,a,,0.2,0.0,0.0,0.0,0.0,0.0,0.0
15,Nichols,Josh,Nichols,2,DEF,1,Arsenal,ARS,4.0,a,,0.2,0.0,0.0,0.0,0.0,0.0,0.0
16,Saka,Bukayo,Saka,3,MID,1,Arsenal,ARS,10.0,a,,16.8,3.0,3.0,12.0,16.4,7.0,3.5
17,Ødegaard,Martin,Ødegaard,3,MID,1,Arsenal,ARS,8.0,a,,3.8,5.0,5.0,17.8,20.3,17.0,5.5
18,Madueke,Noni,Madueke,3,MID,1,Arsenal,ARS,7.0,a,,1.1,1.0,1.0,1.6,10.7,2.0,1.4
19,Martinelli,Gabriel,Martinelli Silva,3,MID,1,Arsenal,ARS,7.0,a,,1.5,1.0,1.0,6.2,10.3,21.0,3.8
20,Trossard,Leandro,Trossard,3,MID,1,Arsenal,ARS,7.0,a,100.0,0.3,0.0,0.0,0.0,0.0,0.0,0.0
21,Rice,Declan,Rice,3,MID,1,Arsenal,ARS,6.5,a,,8.2,6.0,6.0,2.6,1.3,8.0,1.2
22,Merino,Mikel,Merino Zazón,3,MID,1,Arsenal,ARS,6.0,a,,0.6,1.0,1.0,1.2,0.0,0.0,0.1
23,Fábio Vieira,Fábio,Ferreira Vieira,3,MID,1,Arsenal,ARS,5.5,a,,0.0,0.0,0.0,0.0,0.0,0.0,0.0
24,Nørgaard,Christian,Nørgaard,3,MID,1,Arsenal,ARS,5.5,d,75.0,0.5,0.0,0.0,0.0,0.0,0.0,0.0
25,Nwaneri,Ethan,Nwaneri,3,MID,1,Arsenal,ARS,5.5,a,,0.3,0.0,0.0,0.0,0.0,0.0,0.0
26,Zubimendi,Martín,Zubimendi Ibáñez,3,MID,1,Arsenal,ARS,5.5,a,,2.3,5.0,5.0,16.0,1.9,2.0,2.0
27,Nelson,Reiss,Nelson,3,MID,1,Arsenal,ARS,5.0,a,,0.1,0.0,0.0,0.0,0.0,0.0,0.0
28,Kabia,Ismeal,Kabia,3,MID,1,Arsenal,ARS,4.5,a,,0.3,0.0,0.0,0.0,0.0,0.0,0.0
29,Sambi,Albert,Sambi Lokonga,3,MID,1,Arsenal,ARS,4.5,a,,0.1,0.0,0.0,0.0,0.0,0.0,0.0
30,Havertz,Kai,Havertz,4,FWD,1,Arsenal,ARS,7.5,a,,1.3,1.0,1.0,2.8,0.8,2.0,0.6
31,G.Jesus,Gabriel,Fernando de Jesus,4,FWD,1,Arsenal,ARS,6.5,i,0.0,0.0,0.0,0.0,0.0,0.0,0.0,0.0
662,Mosquera,Cristhian,Mosquera,2,DEF,1,Arsenal,ARS,5.5,a,,0.1,0.0,0.0,0.0,0.0,0.0,0.0
666,Gyökeres,Viktor,Gyökeres,4,FWD,1,Arsenal,ARS,9.0,a,,24.9,1.0,1.0,0.4,5.5,6.0,1.2
32,Martinez,Emiliano,Martínez Romero,1,GK,2,Aston Villa,AVL,5.0,a,100.0,1.0,0.0,0.0,0.0,0.0,0.0,0.0
33,M.Bizot,Marco,Bizot,1,GK,2,Aston Villa,AVL,4.5,a,,0.8,7.0,7.0,19.6,0.0,0.0,2.0
34,Gauci,Joe,Gauci,1,GK,2,Aston Villa,AVL,4.0,u,0.0,0.2,0.0,0.0,0.0,0.0,0.0,0.0
35,Marschall,Filip,Marschall,1,GK,2,Aston Villa,AVL,4.0,u,0.0,0.0,0.0,0.0,0.0,0.0,0.0,0.0
36,Cash,Matty,Cash,2,DEF,2,Aston Villa,AVL,4.5,a,,3.9,8.0,8.0,37.6,1.1,2.0,4.1
37,Digne,Lucas,Digne,2,DEF,2,Aston Villa,AVL,4.5,a,,2.2,6.0,6.0,11.6,5.8,0.0,1.7
38,Konsa,Ezri,Konsa Ngoyo,2,DEF,2,Aston Villa,AVL,4.5,s,0.0,18.1,3.0,3.0,1.8,1.1,0.0,0.3
39,Maatsen,Ian,Maatsen,2,DEF,2,Aston Villa,AVL,4.5,a,,0.8,0.0,0.0,0.0,0.0,0.0,0.0
40,Mings,Tyrone,Mings,2,DEF,2,Aston Villa,AVL,4.5,a,,1.2,6.0,6.0,13.0,3.7,0.0,1.7
41,Pau,Pau,Torres,2,DEF,2,Aston Villa,AVL,4.5,a,,0.5,0.0,0.0,0.0,0.0,0.0,0.0
42,A.García,Andrés,García,2,DEF,2,Aston Villa,AVL,4.0,d,25.0,0.3,0.0,0.0,0.0,0.0,0.0,0.0
43,Alex Moreno,Álex,Moreno Lopera,2,DEF,2,Aston Villa,AVL,4.0,a,,9.4,0.0,0.0,0.0,0.0,0.0,0.0
44,Bogarde,Lamare,Bogarde,2,DEF,2,Aston Villa,AVL,4.0,a,,0.3,0.0,0.0,0.0,0.0,0.0,0.0
45,Sousa,Lino,da Cruz Sousa,2,DEF,2,Aston Villa,AVL,4.0,a,,0.4,0.0,0.0,0.0,0.0,0.0,0.0
46,Yasin,Yasin,Özcan,2,DEF,2,Aston Villa,AVL,4.0,a,,0.2,0.0,0.0,0.0,0.0,0.0,0.0
47,Rogers,Morgan,Rogers,3,MID,2,Aston Villa,AVL,7.0,a,100.0,9.7,3.0,3.0,7.2,20.1,4.0,3.1
48,Tielemans,Youri,Tielemans,3,MID,2,Aston Villa,AVL,6.0,a,,2.2,3.0,3.0,4.0,1.1,0.0,0.5
49,Bailey,Leon,Bailey,3,MID,2,Aston Villa,AVL,5.5,a,,0.5,0.0,0.0,0.0,0.0,0.0,0.0
50,Buendía,Emiliano,Buendía Stati,3,MID,2,Aston Villa,AVL,5.4,a,,0.1,0.0,0.0,0.0,0.0,0.0,0.0
51,Iling Jr,Samuel,Iling-Junior,3,MID,2,Aston Villa,AVL,5.5,a,,0.0,0.0,0.0,0.0,0.0,0.0,0.0
53,Malen,Donyell,Malen,3,MID,2,Aston Villa,AVL,5.4,a,,1.6,1.0,1.0,3.0,0.0,17.0,2.0
54,McGinn,John,McGinn,3,MID,2,Aston Villa,AVL,5.5,a,,0.7,3.0,3.0,5.0,19.3,6.0,3.0
55,Barkley,Ross,Barkley,3,MID,2,Aston Villa,AVL,5.0,d,25.0,0.1,0.0,0.0,0.0,0.0,0.0,0.0
56,Barrenechea,Enzo,Barrenechea,3,MID,2,Aston Villa,AVL,5.0,u,0.0,0.0,0.0,0.0,0.0,0.0,0.0,0.0
57,Dobbin,Lewis,Dobbin,3,MID,2,Aston Villa,AVL,5.0,a,,0.1,0.0,0.0,0.0,0.0,0.0,0.0
58,Kamara,Boubacar,Kamara,3,MID,2,Aston Villa,AVL,5.0,a,,0.2,2.0,2.0,13.8,2.2,17.0,3.3
59,Onana,Amadou,Onana,3,MID,2,Aston Villa,AVL,5.0,a,,1.8,5.0,5.0,19.4,3.0,0.0,2.2
60,Broggio,Ben,Broggio,3,MID,2,Aston Villa,AVL,4.5,a,,0.3,0.0,0.0,0.0,0.0,0.0,0.0
61,Dendoncker,Leander,Dendoncker,3,MID,2,Aston Villa,AVL,4.5,a,,0.4,0.0,0.0,0.0,0.0,0.0,0.0
62,Jimoh-Aloba,Jamaldeen,Jimoh-Aloba,3,MID,2,Aston Villa,AVL,4.5,a,,0.1,0.0,0.0,0.0,0.0,0.0,0.0
63,Young,Kadan,Young,3,MID,2,Aston Villa,AVL,4.5,a,,0.7,0.0,0.0,0.0,0.0,0.0,0.0
64,Watkins,Ollie,Watkins,4,FWD,2,Aston Villa,AVL,9.0,a,,25.8,2.0,2.0,10.6,12.2,27.0,5.0
65,Redmond,Zépiqueno,Redmond,4,FWD,2,Aston Villa,AVL,4.5,a,,0.9,0.0,0.0,0.0,0.0,0.0,0.0
677,Guessand,Evann,Guessand,3,MID,2,Aston Villa,AVL,6.5,a,,0.1,0.0,0.0,0.0,0.0,0.0,0.0
688,Wright,James,Wright,1,GK,2,Aston Villa,AVL,4.0,a,,0.4,0.0,0.0,0.0,0.0,0.0,0.0
183,Weiss,Max,Weiß,1,GK,3,Burnley,BUR,4.5,a,,0.2,0.0,0.0,0.0,0.0,0.0,0.0
184,Green,Etienne,Green,1,GK,3,Burnley,BUR,4.0,a,,0.4,0.0,0.0,0.0,0.0,0.0,0.0
185,Hladký,Václav,Hladký,1,GK,3,Burnley,BUR,4.0,a,,0.2,0.0,0.0,0.0,0.0,0.0,0.0
186,Roberts,Connor,Roberts,2,DEF,3,Burnley,BUR,4.5,a,,0.1,0.0,0.0,0.0,0.0,0.0,0.0
187,Walker,Kyle,Walker,2,DEF,3,Burnley,BUR,4.5,a,,1.9,1.0,1.0,8.2,0.9,1.0,1.0
188,Delcroix,Hannes,Delcroix,2,DEF,3,Burnley,BUR,4.0,a,,0.3,0.0,0.0,0.0,0.0,0.0,0.0
189,Dodgson,Owen,Dodgson,2,DEF,3,Burnley,BUR,4.0,u,0.0,0.0,0.0,0.0,0.0,0.0,0.0,0.0
190,Ekdal,Hjalmar,Ekdal,2,DEF,3,Burnley,BUR,4.0,a,,0.2,1.0,1.0,9.8,0.5,8.0,1.8
191,Estève,Maxime,Estève,2,DEF,3,Burnley,BUR,4.0,a,,19.7,1.0,1.0,19.4,0.5,17.0,3.7
192,Hartman,Quilindschy,Hartman,2,DEF,3,Burnley,BUR,4.0,a,,0.5,1.0,1.0,13.4,11.7,2.0,2.7
193,Humphreys,Bashir,Humphreys,2,DEF,3,Burnley,BUR,4.0,d,25.0,0.1,0.0,0.0,0.0,0.0,0.0,0.0
194,Jordan,Jordan,Beyer,2,DEF,3,Burnley,BUR,4.0,a,,0.2,0.0,0.0,0.0,0.0,0.0,0.0
195,Lucas Pires,Lucas,Pires Silva,2,DEF,3,Burnley,BUR,4.0,a,,0.2,0.0,0.0,0.0,0.0,0.0,0.0
196,Sambo,Shurandy,Sambo,2,DEF,3,Burnley,BUR,4.0,u,0.0,0.1,0.0,0.0,0.0,0.0,0.0,0.0
197,Sonne,Oliver,Sonne,2,DEF,3,Burnley,BUR,4.0,a,,0.1,1.0,1.0,4.6,15.9,6.0,2.7
198,Tuanzebe,Axel,Tuanzebe,2,DEF,3,Burnley,BUR,4.0,a,,2.3,0.0,0.0,0.0,0.0,0.0,0.0
199,Worrall,Joe,Worrall,2,DEF,3,Burnley,BUR,4.0,a,,0.1,0.0,0.0,0.0,0.0,0.0,0.0
200,Anthony,Jaidon,Anthony,3,MID,3,Burnley,BUR,5.5,a,,0.1,2.0,2.0,7.0,26.2,32.0,6.5
201,Benson,Manuel,Benson Hedilazio,3,MID,3,Burnley,BUR,5.5,a,,0.0,0.0,0.0,0.0,0.0,0.0,0.0
202,Bruun Larsen,Jacob,Bruun Larsen,3,MID,3,Burnley,BUR,5.5,a,,0.0,1.0,1.0,3.6,0.7,8.0,1.2
203,Boateng,Enock,Agyei,3,MID,3,Burnley,BUR,5.0,a,,0.1,0.0,0.0,0.0,0.0,0.0,0.0
204,Churlinov,Darko,Churlinov,3,MID,3,Burnley,BUR,5.0,a,,0.0,0.0,0.0,0.0,0.0,0.0,0.0
205,Cullen,Josh,Cullen,3,MID,3,Burnley,BUR,5.0,a,,0.1,4.0,4.0,23.8,59.4,0.0,8.3
206,Edwards,Marcus,Edwards,3,MID,3,Burnley,BUR,5.0,a,,0.1,1.0,1.0,0.0,0.0,0.0,0.0
207,Hannibal,Hannibal,Mejbri,3,MID,3,Burnley,BUR,5.0,a,,0.1,2.0,2.0,0.0,1.7,5.0,0.6
208,Koleosho,Luca,Koleosho,3,MID,3,Burnley,BUR,5.0,a,,0.0,0.0,0.0,0.0,0.0,0.0,0.0
209,Laurent,Josh,Laurent,3,MID,3,Burnley,BUR,5.0,a,,0.0,2.0,2.0,10.6,11.2,20.0,4.2
210,Tchaouna,Loum,Tchaouna,3,MID,3,Burnley,BUR,5.0,a,,0.0,1.0,1.0,3.2,0.8,0.0,0.4
211,A.Ramsey,Aaron,Ramsey,3,MID,3,Burnley,BUR,4.5,a,,9.3,0.0,0.0,0.0,0.0,0.0,0.0
212,Adewumi,Oluwaseun,Adewumi,3,MID,3,Burnley,BUR,4.5,u,0.0,0.0,0.0,0.0,0.0,0.0,0.0,0.0
213,Banel,Jaydon,Banel,3,MID,3,Burnley,BUR,4.5,a,,0.0,0.0,0.0,0.0,0.0,0.0,0.0
214,Trésor,Mike,Trésor Ndayishimiye,3,MID,3,Burnley,BUR,4.5,a,,0.1,0.0,0.0,0.0,0.0,0.0,0.0
215,Flemming,Zian,Flemming,4,FWD,3,Burnley,BUR,5.5,a,,0.2,1.0,1.0,0.0,0.0,0.0,0.0
216,Amdouni,Zeki,Amdouni,4,FWD,3,Burnley,BUR,5.0,i,0.0,0.0,0.0,0.0,0.0,0.0,0.0,0.0
217,Foster,Lyle,Foster,4,FWD,3,Burnley,BUR,5.0,a,,0.5,2.0,2.0,4.8,22.7,10.0,3.8
218,Barnes,Ashley,Barnes,4,FWD,3,Burnley,BUR,4.5,a,,2.4,0.0,0.0,0.0,0.0,0.0,0.0
219,Obafemi,Michael,Obafemi,4,FWD,3,Burnley,BUR,4.5,a,,0.4,0.0,0.0,0.0,0.0,0.0,0.0
470,Dúbravka,Martin,Dúbravka,1,GK,3,Burnley,BUR,4.0,a,100.0,34.6,2.0,2.0,25.6,0.0,0.0,2.6
676,Ugochukwu,Lesley,Ugochukwu,3,MID,3,Burnley,BUR,5.0,a,100.0,0.0,1.0,1.0,0.0,0.3,3.0,0.1
680,Broja,Armando,Broja,4,FWD,3,Burnley,BUR,5.5,a,100.0,0.2,0.0,0.0,0.0,0.0,0.0,0.0
66,Neto,Norberto,Murara Neto,1,GK,4,Bournemouth,BOU,4.5,u,0.0,0.2,0.0,0.0,0.0,0.0,0.0,0.0
67,Petrović,Đorđe,Petrović,1,GK,4,Bournemouth,BOU,4.5,a,,3.5,2.0,2.0,47.8,0.0,0.0,4.8
68,Dennis,Will,Dennis,1,GK,4,Bournemouth,BOU,4.0,a,,1.1,0.0,0.0,0.0,0.0,0.0,0.0
69,McKenna,Callan,McKenna,1,GK,4,Bournemouth,BOU,4.0,a,,0.2,0.0,0.0,0.0,0.0,0.0,0.0
70,Paulsen,Alex,Paulsen,1,GK,4,Bournemouth,BOU,4.0,a,,0.1,0.0,0.0,0.0,0.0,0.0,0.0
71,Zabarnyi,Illia,Zabarnyi,2,DEF,4,Bournemouth,BOU,5.0,u,0.0,0.1,0.0,0.0,0.0,0.0,0.0,0.0
72,Senesi,Marcos,Senesi Barón,2,DEF,4,Bournemouth,BOU,4.5,a,,1.1,2.0,2.0,26.6,14.6,2.0,4.3
73,Smith,Adam,Smith,2,DEF,4,Bournemouth,BOU,4.5,a,,0.4,1.0,1.0,12.2,10.5,4.0,2.7
74,Truffert,Adrien,Truffert,2,DEF,4,Bournemouth,BOU,4.5,a,,0.8,0.0,0.0,18.2,19.1,0.0,3.7
75,Akinmboni,Matai,Akinmboni,2,DEF,4,Bournemouth,BOU,4.0,a,,0.3,0.0,0.0,0.0,0.0,0.0,0.0
76,Bevan,Owen,Bevan,2,DEF,4,Bournemouth,BOU,4.0,a,,0.2,0.0,0.0,0.0,0.0,0.0,0.0
77,Hill,James,Hill,2,DEF,4,Bournemouth,BOU,4.0,a,,0.8,1.0,1.0,3.0,0.1,0.0,0.3
78,J.Araujo,Julián,Araujo Zúñiga,2,DEF,4,Bournemouth,BOU,4.0,a,,1.3,0.0,0.0,0.0,0.0,0.0,0.0
79,Mepham,Chris,Mepham,2,DEF,4,Bournemouth,BOU,4.0,a,,0.2,0.0,0.0,0.0,0.0,0.0,0.0
80,Soler,Julio,Soler Barreto,2,DEF,4,Bournemouth,BOU,4.0,a,,0.3,0.0,0.0,0.0,0.0,0.0,0.0
81,Kluivert,Justin,Kluivert,3,MID,4,Bournemouth,BOU,7.0,i,0.0,0.7,0.0,0.0,0.0,0.0,0.0,0.0
82,Semenyo,Antoine,Semenyo,3,MID,4,Bournemouth,BOU,7.1,a,,12.3,15.0,15.0,66.4,1.3,32.0,10.0
84,Tavernier,Marcus,Tavernier,3,MID,4,Bournemouth,BOU,5.5,a,,0.5,4.0,4.0,24.6,14.1,33.0,7.2
85,Adams,Tyler,Adams,3,MID,4,Bournemouth,BOU,5.0,a,,0.3,4.0,4.0,21.6,1.7,4.0,2.7
86,Brooks,David,Brooks,3,MID,4,Bournemouth,BOU,5.0,a,,0.2,4.0,4.0,27.2,40.3,18.0,8.6
87,Christie,Ryan,Christie,3,MID,4,Bournemouth,BOU,5.0,i,0.0,0.1,0.0,0.0,0.0,0.0,0.0,0.0
88,Cook,Lewis,Cook,3,MID,4,Bournemouth,BOU,5.0,s,0.0,0.0,0.0,0.0,0.0,0.0,0.0,0.0
89,Philip,Philip,Billing,3,MID,4,Bournemouth,BOU,5.0,a,,0.1,0.0,0.0,0.0,0.0,0.0,0.0
90,Scott,Alex,Scott,3,MID,4,Bournemouth,BOU,5.0,a,,0.1,2.0,2.0,2.0,2.1,2.0,0.6
91,Sinisterra,Luis,Sinisterra Lucumí,3,MID,4,Bournemouth,BOU,5.0,d,25.0,0.0,0.0,0.0,0.0,0.0,0.0,0.0
92,Faivre,Romain,Faivre,3,MID,4,Bournemouth,BOU,4.5,a,,0.2,0.0,0.0,0.0,0.0,0.0,0.0
93,H.Traorè,Hamed,Traorè,3,MID,4,Bournemouth,BOU,4.5,a,,1.0,4.0,4.0,21.2,10.0,0.0,3.1
94,Sadi,Dominic,Sadi,3,MID,4,Bournemouth,BOU,4.5,a,,0.1,0.0,0.0,0.0,0.0,0.0,0.0
95,Silcott-Duberry,Zain,Silcott-Duberry,3,MID,4,Bournemouth,BOU,4.5,a,,0.1,0.0,0.0,0.0,0.0,0.0,0.0
96,Winterburn,Ben,Winterburn,3,MID,4,Bournemouth,BOU,4.5,a,,0.1,1.0,1.0,0.0,0.0,0.0,0.0
97,Evanilson,Francisco Evanilson,de Lima Barbosa,4,FWD,4,Bournemouth,BOU,7.0,a,,2.2,1.0,1.0,0.0,0.6,17.0,1.6
98,Enes Ünal,Enes,Ünal,4,FWD,4,Bournemouth,BOU,5.5,i,0.0,0.0,0.0,0.0,0.0,0.0,0.0,0.0
99,Adu-Adjei,Daniel,Adu-Adjei,4,FWD,4,Bournemouth,BOU,4.5,a,,0.3,0.0,0.0,0.0,0.0,0.0,0.0
100,Kroupi.Jr,Eli Junior,Kroupi,4,FWD,4,Bournemouth,BOU,4.5,a,,1.2,1.0,1.0,0.0,0.0,0.0,0.0
391,Doak,Ben,Doak,3,MID,4,Bournemouth,BOU,5.0,a,,0.1,0.0,0.0,0.0,0.0,0.0,0.0
685,Diakité,Bafodé,Diakité,2,DEF,4,Bournemouth,BOU,4.5,a,,0.2,0.0,0.0,14.8,0.2,0.0,1.5
687,Rees-Dottin,Remy,Rees-Dottin,3,MID,4,Bournemouth,BOU,4.5,a,,0.1,0.0,0.0,0.0,0.0,0.0,0.0
83,O.Dango,Dango,Ouattara,3,MID,5,Brentford,BRE,6.0,d,50.0,0.1,0.0,0.0,0.0,0.0,0.0,0.0
101,Kelleher,Caoimhín,Kelleher,1,GK,5,Brentford,BRE,4.5,a,100.0,10.5,1.0,1.0,11.8,0.0,0.0,1.2
102,Balcombe,Ellery,Balcombe,1,GK,5,Brentford,BRE,4.0,a,,0.3,0.0,0.0,0.0,0.0,0.0,0.0
103,Cox,Matthew,Cox,1,GK,5,Brentford,BRE,4.0,a,,0.2,0.0,0.0,0.0,0.0,0.0,0.0
104,Eyestone,Julian,Eyestone,1,GK,5,Brentford,BRE,4.0,a,,0.1,0.0,0.0,0.0,0.0,0.0,0.0
105,Valdimarsson,Hákon Rafn,Valdimarsson,1,GK,5,Brentford,BRE,4.0,a,,1.0,0.0,0.0,0.0,0.0,0.0,0.0
106,Collins,Nathan,Collins,2,DEF,5,Brentford,BRE,5.0,a,,1.6,0.0,0.0,9.8,0.2,5.0,1.5
107,Lewis-Potter,Keane,Lewis-Potter,2,DEF,5,Brentford,BRE,5.0,a,,0.4,1.0,1.0,5.4,4.5,7.0,1.7
108,Ajer,Kristoffer,Ajer,2,DEF,5,Brentford,BRE,4.5,a,,0.2,0.0,0.0,0.0,0.0,0.0,0.0
109,Henry,Rico,Henry,2,DEF,5,Brentford,BRE,4.5,a,,0.2,1.0,1.0,8.6,11.5,6.0,2.6
110,Kayode,Michael,Kayode,2,DEF,5,Brentford,BRE,4.5,a,,0.2,1.0,1.0,17.8,20.5,0.0,3.8
111,Pinnock,Ethan,Pinnock,2,DEF,5,Brentford,BRE,4.5,d,75.0,0.2,0.0,0.0,0.0,0.0,0.0,0.0
112,Roerslev,Mads,Roerslev Rasmussen,2,DEF,5,Brentford,BRE,4.5,a,,0.0,0.0,0.0,0.0,0.0,0.0,0.0
113,Van den Berg,Sepp,van den Berg,2,DEF,5,Brentford,BRE,4.5,a,,0.4,3.0,3.0,34.4,0.6,24.0,5.9
114,Arthur,Benjamin,Arthur,2,DEF,5,Brentford,BRE,4.0,a,,0.3,0.0,0.0,0.0,0.0,0.0,0.0
115,Fredrick,Benjamin,Fredrick,2,DEF,5,Brentford,BRE,4.0,a,,0.2,0.0,0.0,0.0,0.0,0.0,0.0
116,Hickey,Aaron,Hickey,2,DEF,5,Brentford,BRE,4.0,a,,0.5,0.0,0.0,2.0,0.0,0.0,0.2
117,Ji-soo,Kim,Ji-soo,2,DEF,5,Brentford,BRE,4.0,a,,0.2,0.0,0.0,0.0,0.0,0.0,0.0
118,Meghoma,Jayden,Meghoma,2,DEF,5,Brentford,BRE,4.0,u,0.0,0.1,0.0,0.0,0.0,0.0,0.0,0.0
120,Schade,Kevin,Schade,3,MID,5,Brentford,BRE,7.0,a,100.0,0.3,1.0,1.0,4.6,0.9,6.0,1.2
121,Damsgaard,Mikkel,Damsgaard,3,MID,5,Brentford,BRE,6.0,a,,0.9,0.0,0.0,0.0,0.0,0.0,0.0
122,Milambo,Antoni,Milambo,3,MID,5,Brentford,BRE,5.5,a,,0.1,1.0,1.0,4.0,1.8,0.0,0.6
123,Carvalho,Fábio,Freitas Gouveia Carvalho,3,MID,5,Brentford,BRE,5.0,a,,0.3,2.0,2.0,5.4,5.0,3.0,1.3
124,Henderson,Jordan,Henderson,3,MID,5,Brentford,BRE,5.0,a,,0.3,1.0,1.0,0.0,1.1,0.0,0.1
125,Janelt,Vitaly,Janelt,3,MID,5,Brentford,BRE,5.0,i,0.0,0.0,0.0,0.0,0.0,0.0,0.0,0.0
126,Jensen,Mathias,Jensen,3,MID,5,Brentford,BRE,5.0,a,,0.1,2.0,2.0,9.0,25.4,8.0,4.2
127,Nunes,Gustavo,Nunes Fernandes Gomes,3,MID,5,Brentford,BRE,5.0,i,0.0,0.0,0.0,0.0,0.0,0.0,0.0,0.0
128,Onyeka,Frank,Onyeka,3,MID,5,Brentford,BRE,5.0,a,,0.1,4.0,4.0,0.0,0.1,2.0,0.1
129,Yarmoliuk,Yehor,Yarmoliuk,3,MID,5,Brentford,BRE,5.0,a,,0.0,2.0,2.0,3.6,10.8,7.0,2.1
130,Donovan,Romelle,Donovan,3,MID,5,Brentford,BRE,4.5,a,,0.1,0.0,0.0,0.0,0.0,0.0,0.0
131,Konak,Yunus Emre,Konak,3,MID,5,Brentford,BRE,4.5,a,,0.2,0.0,0.0,0.0,0.0,0.0,0.0
132,Maghoma,Paris,Maghoma,3,MID,5,Brentford,BRE,4.5,i,0.0,0.0,0.0,0.0,0.0,0.0,0.0,0.0
133,Peart-Harris,Myles,Peart-Harris,3,MID,5,Brentford,BRE,4.5,a,,0.0,0.0,0.0,0.0,0.0,0.0,0.0
134,Trevitt,Ryan,Trevitt,3,MID,5,Brentford,BRE,4.5,u,0.0,0.0,0.0,0.0,0.0,0.0,0.0,0.0
135,Wissa,Yoane,Wissa,4,FWD,5,Brentford,BRE,7.5,n,0.0,2.0,0.0,0.0,0.0,0.0,0.0,0.0
136,Thiago,Igor Thiago,Nascimento Rodrigues,4,FWD,5,Brentford,BRE,6.0,a,,1.0,6.0,6.0,36.4,10.7,22.0,6.9
137,Morgan,Iwan,Morgan,4,FWD,5,Brentford,BRE,4.5,a,,0.5,0.0,0.0,0.0,0.0,0.0,0.0
138,Steele,Jason,Steele,1,GK,6,Brighton,BHA,4.5,a,,0.5,0.0,0.0,0.0,0.0,0.0,0.0
139,Verbruggen,Bart,Verbruggen,1,GK,6,Brighton,BHA,4.5,a,,7.6,2.0,2.0,14.4,0.0,0.0,1.4
140,McGill,Tom,McGill,1,GK,6,Brighton,BHA,4.0,a,,0.4,0.0,0.0,0.0,0.0,0.0,0.0
141,Rushworth,Carl,Rushworth,1,GK,6,Brighton,BHA,4.0,u,0.0,0.0,0.0,0.0,0.0,0.0,0.0,0.0
142,Scherpen,Kjell,Scherpen,1,GK,6,Brighton,BHA,4.0,u,0.0,0.0,0.0,0.0,0.0,0.0,0.0,0.0
143,Boscagli,Olivier,Boscagli,2,DEF,6,Brighton,BHA,4.5,a,,0.1,0.0,0.0,0.0,0.0,0.0,0.0
144,Coppola,Diego,Coppola,2,DEF,6,Brighton,BHA,4.5,a,,0.1,0.0,0.0,0.0,0.0,0.0,0.0
145,De Cuyper,Maxim,De Cuyper,2,DEF,6,Brighton,BHA,4.5,a,,6.2,2.0,2.0,15.0,26.7,4.0,4.6
146,Dunk,Lewis,Dunk,2,DEF,6,Brighton,BHA,4.5,a,,1.3,2.0,2.0,16.6,1.8,7.0,2.5
147,Estupiñan,Pervis,Estupiñán Tenorio,2,DEF,6,Brighton,BHA,4.5,u,0.0,0.0,0.0,0.0,0.0,0.0,0.0,0.0
148,F.Kadıoğlu,Ferdi,Kadıoğlu,2,DEF,6,Brighton,BHA,4.5,a,,0.2,0.0,0.0,0.0,1.3,0.0,0.1
149,Igor,Igor Julio,dos Santos de Paulo,2,DEF,6,Brighton,BHA,4.5,a,100.0,0.1,0.0,0.0,0.0,0.0,0.0,0.0
150,Lamptey,Tariq,Lamptey,2,DEF,6,Brighton,BHA,4.5,a,,0.4,0.0,0.0,0.0,0.0,0.0,0.0
151,Van Hecke,Jan Paul,van Hecke,2,DEF,6,Brighton,BHA,4.5,a,,1.2,2.0,2.0,28.0,1.3,0.0,2.9
152,Veltman,Joël,Veltman,2,DEF,6,Brighton,BHA,4.5,a,,0.2,0.0,0.0,0.0,0.0,0.0,0.0
153,Webster,Adam,Webster,2,DEF,6,Brighton,BHA,4.5,i,0.0,0.0,0.0,0.0,0.0,0.0,0.0,0.0
154,Cashin,Eiran,Cashin,2,DEF,6,Brighton,BHA,4.0,u,0.0,0.0,0.0,0.0,0.0,0.0,0.0,0.0
155,Slater,Jacob,Slater,2,DEF,6,Brighton,BHA,4.0,a,,0.2,0.0,0.0,0.0,0.0,0.0,0.0
156,Tasker,Charlie,Tasker,2,DEF,6,Brighton,BHA,4.0,a,,0.2,0.0,0.0,0.0,0.0,0.0,0.0
157,Mitoma,Mitoma,Kaoru,3,MID,6,Brighton,BHA,6.5,a,,6.6,2.0,2.0,0.0,2.4,8.0,0.6
158,Georginio,Georginio,Rutter,3,MID,6,Brighton,BHA,6.0,a,,1.4,6.0,6.0,2.2,1.2,15.0,1.8
159,March,Solly,March,3,MID,6,Brighton,BHA,6.0,i,0.0,0.0,0.0,0.0,0.0,0.0,0.0,0.0
160,Minteh,Yankuba,Minteh,3,MID,6,Brighton,BHA,6.0,a,,1.1,3.0,3.0,0.4,2.9,12.0,1.5
161,Enciso,Julio,Enciso Espínola,3,MID,6,Brighton,BHA,5.5,i,0.0,0.0,0.0,0.0,0.0,0.0,0.0,0.0
162,Gruda,Brajan,Gruda,3,MID,6,Brighton,BHA,5.5,a,,0.0,1.0,1.0,0.2,0.3,4.0,0.5
163,Hinshelwood,Jack,Hinshelwood,3,MID,6,Brighton,BHA,5.5,a,,0.1,0.0,0.0,0.0,0.0,0.0,0.0
164,O'Riley,Matt,O'Riley,3,MID,6,Brighton,BHA,5.5,a,,1.3,10.0,10.0,45.8,44.3,25.0,11.5
165,Sima,Abdallah,Sima,3,MID,6,Brighton,BHA,5.5,a,,0.0,0.0,0.0,0.0,0.0,0.0,0.0
166,Ayari,Yasin,Ayari,3,MID,6,Brighton,BHA,5.0,a,,0.2,3.0,3.0,7.2,3.2,2.0,1.2
167,Baleba,Carlos,Baleba,3,MID,6,Brighton,BHA,5.0,a,,4.6,3.0,3.0,4.0,11.9,1.0,1.7
168,Buonanotte,Facundo,Buonanotte,3,MID,6,Brighton,BHA,5.0,a,,0.2,0.0,0.0,0.0,0.0,0.0,0.0
169,Gomez,Diego,Gómez Amarilla,3,MID,6,Brighton,BHA,5.0,a,,0.1,0.0,0.0,7.6,11.3,7.0,2.6
170,Milner,James,Milner,3,MID,6,Brighton,BHA,5.0,a,,0.1,1.0,1.0,0.0,0.1,0.0,0.0
171,Sarmiento,Jeremy,Sarmiento Morante,3,MID,6,Brighton,BHA,5.0,a,,0.0,0.0,0.0,0.0,0.0,0.0,0.0
172,Watson,Tom,Watson,3,MID,6,Brighton,BHA,5.0,a,100.0,0.0,0.0,0.0,0.0,0.0,0.0,0.0
173,Wieffer,Mats,Wieffer,3,MID,6,Brighton,BHA,5.0,a,,0.1,4.0,4.0,24.8,2.8,21.0,4.9
174,Yalcouye,Malick,Yalcouyé,3,MID,6,Brighton,BHA,5.0,u,0.0,0.0,0.0,0.0,0.0,0.0,0.0,0.0
175,Knight,Joe,Knight,3,MID,6,Brighton,BHA,4.5,a,,0.1,0.0,0.0,0.0,0.0,0.0,0.0
176,Mazilu,Adrian,Mazilu,3,MID,6,Brighton,BHA,4.5,a,,0.0,0.0,0.0,0.0,0.0,0.0,0.0
177,Moran,Andrew,Moran,3,MID,6,Brighton,BHA,4.5,a,,0.1,0.0,0.0,0.0,0.0,0.0,0.0
178,Welbeck,Danny,Welbeck,4,FWD,6,Brighton,BHA,6.5,a,,4.0,1.0,1.0,2.2,0.6,2.0,0.5
179,Ferguson,Evan,Ferguson,4,FWD,6,Brighton,BHA,5.5,u,0.0,0.0,0.0,0.0,0.0,0.0,0.0,0.0
180,Tzimas,Stefanos,Tzimas,4,FWD,6,Brighton,BHA,5.5,a,,0.1,0.0,0.0,0.0,0.0,0.0,0.0
181,Kostoulas,Charalampos,Kostoulas,4,FWD,6,Brighton,BHA,5.0,a,,0.4,0.0,0.0,0.0,0.0,0.0,0.0
220,Sánchez,Robert,Lynch Sánchez,1,GK,7,Chelsea,CHE,5.0,a,,25.4,8.0,8.0,24.4,0.0,0.0,2.4
221,Jörgensen,Filip,Jörgensen,1,GK,7,Chelsea,CHE,4.5,a,,0.2,0.0,0.0,0.0,0.0,0.0,0.0
222,Penders,Mike,Penders,1,GK,7,Chelsea,CHE,4.0,u,0.0,0.0,0.0,0.0,0.0,0.0,0.0,0.0
223,Slonina,Gabriel,Słonina,1,GK,7,Chelsea,CHE,4.0,a,,0.1,0.0,0.0,0.0,0.0,0.0,0.0
224,Cucurella,Marc,Cucurella Saseta,2,DEF,7,Chelsea,CHE,6.0,a,,20.4,8.0,8.0,11.6,15.8,13.0,4.0
225,James,Reece,James,2,DEF,7,Chelsea,CHE,5.5,a,,5.7,5.0,5.0,17.0,46.6,0.0,6.4
226,Chalobah,Trevoh,Chalobah,2,DEF,7,Chelsea,CHE,5.0,a,,1.3,6.0,6.0,21.4,4.9,4.0,3.0
227,Colwill,Levi,Samuels Colwill,2,DEF,7,Chelsea,CHE,5.0,i,0.0,0.3,0.0,0.0,0.0,0.0,0.0,0.0
228,Gusto,Malo,Gusto,2,DEF,7,Chelsea,CHE,5.0,a,,1.7,1.0,1.0,0.0,1.3,1.0,0.2
229,B.Badiashile,Benoît,Badiashile Mukinayi,2,DEF,7,Chelsea,CHE,4.5,i,0.0,0.0,0.0,0.0,0.0,0.0,0.0,0.0
230,Fofana,Wesley,Fofana,2,DEF,7,Chelsea,CHE,4.5,a,100.0,0.2,0.0,0.0,0.0,0.0,0.0,0.0
231,M.Sarr,Mamadou,Sarr,2,DEF,7,Chelsea,CHE,4.5,u,0.0,0.0,0.0,0.0,0.0,0.0,0.0,0.0
232,Tosin,Tosin,Adarabioyo,2,DEF,7,Chelsea,CHE,4.5,d,75.0,1.1,0.0,0.0,0.0,0.0,0.0,0.0
233,Acheampong,Josh,Acheampong,2,DEF,7,Chelsea,CHE,4.0,a,,1.6,9.0,9.0,16.2,2.3,10.0,2.9
234,Anselmino,Aarón,Anselmino,2,DEF,7,Chelsea,CHE,4.0,a,,0.1,0.0,0.0,0.0,0.0,0.0,0.0
235,Palmer,Cole,Palmer,3,MID,7,Chelsea,CHE,10.5,a,,60.2,3.0,3.0,4.8,16.9,23.0,4.5
236,Neto,Pedro,Lomba Neto,3,MID,7,Chelsea,CHE,7.0,a,,3.7,3.0,3.0,13.8,37.7,10.0,6.2
237,Enzo,Enzo,Fernández,3,MID,7,Chelsea,CHE,6.5,a,,3.4,3.0,3.0,3.6,16.5,2.0,2.2
238,Estêvão,Estêvão,Almeida de Oliveira Gonçalves,3,MID,7,Chelsea,CHE,6.5,a,,1.6,0.0,0.0,1.2,4.9,8.0,1.4
239,Gittens,Jamie,Bynoe-Gittens,3,MID,7,Chelsea,CHE,6.5,a,,0.3,1.0,1.0,7.2,22.8,8.0,3.8
240,Nkunku,Christopher,Nkunku,3,MID,7,Chelsea,CHE,6.0,a,,0.2,0.0,0.0,0.0,0.0,0.0,0.0
241,Caicedo,Moisés,Caicedo Corozo,3,MID,7,Chelsea,CHE,5.5,a,,5.4,5.0,5.0,31.2,3.9,2.0,3.7
243,George,Tyrique,George,3,MID,7,Chelsea,CHE,5.0,a,,0.1,0.0,0.0,0.0,0.0,0.0,0.0
244,Lavia,Roméo,Lavia,3,MID,7,Chelsea,CHE,5.0,i,0.0,0.0,0.0,0.0,0.0,0.0,0.0,0.0
245,Mudryk,Mykhailo,Mudryk,3,MID,7,Chelsea,CHE,5.0,s,0.0,0.0,0.0,0.0,0.0,0.0,0.0,0.0
246,Andrey Santos,Andrey,Nascimento dos Santos,3,MID,7,Chelsea,CHE,4.5,a,,0.3,1.0,1.0,0.4,0.3,21.0,2.2
247,D.Essugo,Dário,Luís Essugo,3,MID,7,Chelsea,CHE,4.5,a,,0.1,0.0,0.0,0.0,0.0,0.0,0.0
248,Paez,Kendry,Páez Andrade,3,MID,7,Chelsea,CHE,4.5,u,0.0,0.0,0.0,0.0,0.0,0.0,0.0,0.0
249,João Pedro,João Pedro,Junqueira de Jesus,4,FWD,7,Chelsea,CHE,7.5,a,,52.9,2.0,2.0,0.0,5.1,16.0,1.9
250,Delap,Liam,Delap,4,FWD,7,Chelsea,CHE,6.5,a,,3.8,1.0,1.0,5.4,1.3,19.0,2.6
251,N.Jackson,Nicolas,Jackson,4,FWD,7,Chelsea,CHE,6.5,a,100.0,0.1,0.0,0.0,0.0,0.0,0.0,0.0
672,Hato,Jorrel,Hato,2,DEF,7,Chelsea,CHE,5.0,a,,0.3,0.0,0.0,0.0,0.0,0.0,0.0
253,Henderson,Dean,Henderson,1,GK,8,Crystal Palace,CRY,5.0,a,,7.2,6.0,6.0,22.4,10.0,0.0,3.2
254,Benitez,Walter,Benítez,1,GK,8,Crystal Palace,CRY,4.0,a,,0.4,0.0,0.0,0.0,0.0,0.0,0.0
255,Matthews,Remi,Matthews,1,GK,8,Crystal Palace,CRY,4.0,a,,0.1,0.0,0.0,0.0,0.0,0.0,0.0
256,Muñoz,Daniel,Muñoz Mejía,2,DEF,8,Crystal Palace,CRY,5.5,a,,8.6,5.0,5.0,10.0,0.4,6.0,1.6
257,Lacroix,Maxence,Lacroix,2,DEF,8,Crystal Palace,CRY,5.0,a,,1.3,8.0,8.0,30.8,0.1,0.0,3.1
258,Mitchell,Tyrick,Mitchell,2,DEF,8,Crystal Palace,CRY,5.0,a,,1.6,9.0,9.0,26.0,0.3,0.0,2.6
259,Sosa,Borna,Sosa,2,DEF,8,Crystal Palace,CRY,5.0,a,,0.1,0.0,0.0,0.0,0.0,0.0,0.0
260,Guéhi,Marc,Guéhi,2,DEF,8,Crystal Palace,CRY,4.5,a,,13.1,6.0,6.0,13.8,10.0,2.0,2.6
261,Richards,Chris,Richards,2,DEF,8,Crystal Palace,CRY,4.5,a,,1.5,6.0,6.0,21.8,0.0,4.0,2.6
262,Chadi Riad,Chadi,Riad Dnanou,2,DEF,8,Crystal Palace,CRY,4.0,i,0.0,0.0,0.0,0.0,0.0,0.0,0.0,0.0
263,Clyne,Nathaniel,Clyne,2,DEF,8,Crystal Palace,CRY,4.0,a,,0.7,0.0,0.0,0.0,0.0,0.0,0.0
264,Holding,Rob,Holding,2,DEF,8,Crystal Palace,CRY,4.0,u,0.0,0.0,0.0,0.0,0.0,0.0,0.0,0.0
265,Kporha,Caleb,Kporha,2,DEF,8,Crystal Palace,CRY,4.0,i,0.0,0.0,0.0,0.0,0.0,0.0,0.0,0.0
266,Eze,Eberechi,Eze,3,MID,8,Crystal Palace,CRY,7.5,a,,10.8,3.0,3.0,7.2,2.6,26.0,3.6
267,Sarr,Ismaïla,Sarr,3,MID,8,Crystal Palace,CRY,6.5,a,,4.8,3.0,3.0,10.0,15.5,0.0,2.6
268,Doucouré,Cheick,Doucouré,3,MID,8,Crystal Palace,CRY,5.0,i,0.0,0.0,0.0,0.0,0.0,0.0,0.0,0.0
269,Esse,Romain,Esse,3,MID,8,Crystal Palace,CRY,5.0,a,,0.2,0.0,0.0,0.0,0.0,0.0,0.0
270,Hughes,Will,Hughes,3,MID,8,Crystal Palace,CRY,5.0,a,,0.1,2.0,2.0,14.4,0.1,0.0,1.5
271,Kamada,Daichi,Kamada,3,MID,8,Crystal Palace,CRY,5.0,i,0.0,0.0,0.0,0.0,0.0,0.0,0.0,0.0
272,Lerma,Jefferson,Lerma Solís,3,MID,8,Crystal Palace,CRY,5.0,a,,0.1,1.0,1.0,1.0,1.0,2.0,0.4
273,Wharton,Adam,Wharton,3,MID,8,Crystal Palace,CRY,5.0,a,,0.6,3.0,3.0,14.6,22.3,0.0,3.7
274,Agbinone,Asher,Agbinone,3,MID,8,Crystal Palace,CRY,4.5,a,,0.1,0.0,0.0,0.0,0.0,0.0,0.0
275,Ahamada,Naouirou,Ahamada,3,MID,8,Crystal Palace,CRY,4.5,a,,0.0,0.0,0.0,0.0,0.0,0.0,0.0
276,Devenny,Justin,Devenny,3,MID,8,Crystal Palace,CRY,4.5,a,,1.8,1.0,1.0,3.0,0.0,2.0,0.5
277,Ebiowei,Malcolm,Ebiowei,3,MID,8,Crystal Palace,CRY,4.5,u,0.0,0.0,0.0,0.0,0.0,0.0,0.0,0.0
278,J.Rak-Sakyi,Jesurun,Rak-Sakyi,3,MID,8,Crystal Palace,CRY,4.5,a,,0.1,0.0,0.0,0.0,0.0,0.0,0.0
279,M.França,Matheus,França de Oliveira,3,MID,8,Crystal Palace,CRY,4.5,i,0.0,0.0,0.0,0.0,0.0,0.0,0.0,0.0
280,Ozoh,David,Ozoh,3,MID,8,Crystal Palace,CRY,4.5,u,0.0,0.0,0.0,0.0,0.0,0.0,0.0,0.0
281,Rodney,Kaden,Rodney,3,MID,8,Crystal Palace,CRY,4.5,a,,0.0,0.0,0.0,0.0,0.0,0.0,0.0
282,Umeh,Franco,Umeh-Chibueze,3,MID,8,Crystal Palace,CRY,4.5,a,,0.0,0.0,0.0,0.0,0.0,0.0,0.0
283,Mateta,Jean-Philippe,Mateta,4,FWD,8,Crystal Palace,CRY,7.5,a,,9.0,1.0,1.0,16.0,0.8,26.0,4.3
284,Nketiah,Eddie,Nketiah,4,FWD,8,Crystal Palace,CRY,5.5,i,0.0,0.3,0.0,0.0,0.0,0.0,0.0,0.0
285,Édouard,Odsonne,Édouard,4,FWD,8,Crystal Palace,CRY,5.0,a,,0.9,0.0,0.0,0.0,0.0,0.0,0.0
286,Marsh,Zach,Marsh,4,FWD,8,Crystal Palace,CRY,4.5,a,,0.3,0.0,0.0,0.0,0.0,0.0,0.0
690,Cardines,Rio,Cardines,3,MID,8,Crystal Palace,CRY,4.5,a,,0.1,0.0,0.0,0.0,0.0,0.0,0.0
242,Dewsbury-Hall,Kiernan,Dewsbury-Hall,3,MID,9,Everton,EVE,5.0,a,,4.5,2.0,2.0,12.6,27.4,2.0,4.2
287,Pickford,Jordan,Pickford,1,GK,9,Everton,EVE,5.5,a,,10.9,2.0,2.0,21.2,0.0,0.0,2.1
288,Travers,Mark,Travers,1,GK,9,Everton,EVE,4.5,a,,0.2,0.0,0.0,0.0,0.0,0.0,0.0
289,Tyrer,Harry,Tyrer,1,GK,9,Everton,EVE,4.0,a,,0.1,0.0,0.0,0.0,0.0,0.0,0.0
290,Branthwaite,Jarrad,Branthwaite,2,DEF,9,Everton,EVE,5.5,i,0.0,0.5,0.0,0.0,0.0,0.0,0.0,0.0
291,Tarkowski,James,Tarkowski,2,DEF,9,Everton,EVE,5.5,a,,6.9,4.0,4.0,31.0,2.1,7.0,4.0
292,Mykolenko,Vitalii,Mykolenko,2,DEF,9,Everton,EVE,5.0,d,75.0,0.8,0.0,0.0,0.0,0.0,0.0,0.0
293,O'Brien,Jake,O'Brien,2,DEF,9,Everton,EVE,5.0,a,,0.6,2.0,2.0,4.2,1.0,7.0,1.2
294,Coleman,Séamus,Coleman,2,DEF,9,Everton,EVE,4.5,a,,0.2,0.0,0.0,0.0,0.0,0.0,0.0
295,Keane,Michael,Keane,2,DEF,9,Everton,EVE,4.5,a,,0.4,2.0,2.0,19.8,0.4,4.0,2.4
296,Patterson,Nathan,Patterson,2,DEF,9,Everton,EVE,4.5,d,75.0,0.0,0.0,0.0,0.0,0.0,0.0,0.0
297,Dixon,Roman,Dixon,2,DEF,9,Everton,EVE,4.0,a,,0.2,0.0,0.0,0.0,0.0,0.0,0.0
298,Welch,Reece,Welch,2,DEF,9,Everton,EVE,4.0,a,,0.2,0.0,0.0,0.0,0.0,0.0,0.0
299,Ndiaye,Iliman,Ndiaye,3,MID,9,Everton,EVE,6.5,a,,10.6,2.0,2.0,12.6,12.1,2.0,2.7
300,McNeil,Dwight,McNeil,3,MID,9,Everton,EVE,6.0,a,,0.4,0.0,0.0,0.0,0.0,0.0,0.0
301,Alcaraz,Carlos,Alcaraz Durán,3,MID,9,Everton,EVE,5.5,a,,0.2,1.0,1.0,7.6,2.4,21.0,3.1
302,Gana,Idrissa Gana,Gueye,3,MID,9,Everton,EVE,5.5,a,,0.1,2.0,2.0,7.2,19.6,3.0,3.0
303,Garner,James,Garner,3,MID,9,Everton,EVE,5.0,a,,0.1,2.0,2.0,16.4,3.2,2.0,2.2
304,Iroegbunam,Tim,Iroegbunam,3,MID,9,Everton,EVE,5.0,a,,0.0,2.0,2.0,12.0,1.1,0.0,1.3
305,Armstrong,Harrison,Armstrong,3,MID,9,Everton,EVE,4.5,d,75.0,0.1,0.0,0.0,0.0,0.0,0.0,0.0
306,Bates,Callum,Bates,3,MID,9,Everton,EVE,4.5,a,,0.1,0.0,0.0,0.0,0.0,0.0,0.0
307,Ebere,Coby,Ebere,3,MID,9,Everton,EVE,4.5,a,,0.0,0.0,0.0,0.0,0.0,0.0,0.0
308,Heath,Isaac,Heath,3,MID,9,Everton,EVE,4.5,a,,0.0,0.0,0.0,0.0,0.0,0.0,0.0
309,Metcalfe,Jenson,Metcalfe,3,MID,9,Everton,EVE,4.5,u,0.0,0.0,0.0,0.0,0.0,0.0,0.0,0.0
310,Barry,Thierno,Barry,4,FWD,9,Everton,EVE,6.0,a,,0.7,1.0,1.0,0.0,1.0,2.0,0.3
311,Beto,Norberto Bercique,Gomes Betuncal,4,FWD,9,Everton,EVE,5.5,a,,8.1,2.0,2.0,10.2,2.8,7.0,2.0
312,Y.Chermiti,Youssef,Ramalho Chermiti,4,FWD,9,Everton,EVE,5.0,a,,0.2,0.0,0.0,0.0,0.0,0.0,0.0
313,Sherif,Martin,Sherif,4,FWD,9,Everton,EVE,4.5,a,,0.2,0.0,0.0,0.0,0.0,0.0,0.0
419,Grealish,Jack,Grealish,3,MID,9,Everton,EVE,6.5,a,,3.4,1.0,1.0,5.8,0.8,5.0,1.2
630,King,Tom,King,1,GK,9,Everton,EVE,4.0,a,,1.5,0.0,0.0,0.0,0.0,0.0,0.0
667,Aznou,Adam,Aznou,2,DEF,9,Everton,EVE,4.5,a,,0.1,0.0,0.0,0.0,0.0,0.0,0.0
314,Leno,Bernd,Leno,1,GK,10,Fulham,FUL,5.0,a,,1.6,3.0,3.0,23.6,0.0,0.0,2.4
315,Benda,Steven,Benda,1,GK,10,Fulham,FUL,4.0,u,0.0,0.0,0.0,0.0,0.0,0.0,0.0,0.0
316,Robinson,Antonee,Robinson,2,DEF,10,Fulham,FUL,5.0,i,0.0,0.7,0.0,0.0,0.0,0.0,0.0,0.0
317,Andersen,Joachim,Andersen,2,DEF,10,Fulham,FUL,4.5,a,,2.9,2.0,2.0,16.4,1.0,4.0,2.1
318,Bassey,Calvin,Bassey,2,DEF,10,Fulham,FUL,4.5,a,,0.5,1.0,1.0,12.4,1.6,0.0,1.4
319,Castagne,Timothy,Castagne,2,DEF,10,Fulham,FUL,4.5,a,,0.1,1.0,1.0,0.2,0.7,2.0,0.3
320,Diop,Issa,Diop,2,DEF,10,Fulham,FUL,4.5,a,,0.1,0.0,0.0,0.0,0.0,0.0,0.0
321,J.Cuenca,Jorge,Cuenca Barreno,2,DEF,10,Fulham,FUL,4.5,a,,0.0,2.0,2.0,9.6,1.2,4.0,1.5
322,Tete,Kenny,Tete,2,DEF,10,Fulham,FUL,4.5,a,,0.2,2.0,2.0,13.0,1.7,0.0,1.5
323,Amissah,Samuel,Amissah,2,DEF,10,Fulham,FUL,4.0,a,,0.2,0.0,0.0,0.0,0.0,0.0,0.0
324,Iwobi,Alex,Iwobi,3,MID,10,Fulham,FUL,6.5,a,,1.4,2.0,2.0,9.6,40.5,1.0,5.1
325,Smith Rowe,Emile,Smith Rowe,3,MID,10,Fulham,FUL,6.0,a,,0.9,1.0,1.0,0.2,2.0,2.0,0.4
326,Adama,Adama,Traoré Diarra,3,MID,10,Fulham,FUL,5.5,a,,0.3,1.0,1.0,0.0,0.8,0.0,0.0
327,Andreas,Andreas,Hoelgebaum Pereira,3,MID,10,Fulham,FUL,5.5,a,,0.3,0.0,0.0,0.0,0.0,0.0,0.0
328,Sessegnon,Ryan,Sessegnon,3,MID,10,Fulham,FUL,5.5,d,75.0,0.0,0.0,0.0,0.0,0.0,0.0,0.0
329,Wilson,Harry,Wilson,3,MID,10,Fulham,FUL,5.5,a,,1.0,5.0,5.0,3.0,5.4,13.0,2.1
330,Berge,Sander,Berge,3,MID,10,Fulham,FUL,5.0,a,,0.1,2.0,2.0,1.2,0.7,0.0,0.2
331,Cairney,Tom,Cairney,3,MID,10,Fulham,FUL,5.0,a,,0.0,0.0,0.0,0.0,0.4,0.0,0.0
332,Lukić,Saša,Lukić,3,MID,10,Fulham,FUL,5.0,a,,0.1,2.0,2.0,1.8,13.3,2.0,1.7
333,Godo,Martial,Godo,3,MID,10,Fulham,FUL,4.5,a,,0.1,0.0,0.0,0.0,0.0,0.0,0.0
334,Harris,Luke,Harris,3,MID,10,Fulham,FUL,4.5,u,0.0,0.0,0.0,0.0,0.0,0.0,0.0,0.0
335,King,Josh,King,3,MID,10,Fulham,FUL,4.5,a,,1.0,2.0,2.0,12.4,14.0,27.0,5.3
336,Reed,Harrison,Reed,3,MID,10,Fulham,FUL,4.5,a,,0.3,0.0,0.0,0.0,0.0,0.0,0.0
337,Raúl,Raúl,Jiménez Rodríguez,4,FWD,10,Fulham,FUL,6.5,a,,2.0,2.0,2.0,0.0,3.3,11.0,0.7
338,Muniz,Rodrigo,Muniz Carvalho,4,FWD,10,Fulham,FUL,5.5,a,,2.3,7.0,7.0,31.0,0.0,33.0,6.4
664,Lecomte,Benjamin,Lecomte,1,GK,10,Fulham,FUL,4.0,a,,0.9,0.0,0.0,0.0,0.0,0.0,0.0
339,Meslier,Illan,Meslier,1,GK,11,Leeds,LEE,4.5,a,,0.8,0.0,0.0,0.0,0.0,0.0,0.0
340,Cairns,Alex,Cairns,1,GK,11,Leeds,LEE,4.0,a,,0.2,0.0,0.0,0.0,0.0,0.0,0.0
341,Darlow,Karl,Darlow,1,GK,11,Leeds,LEE,4.0,a,,3.1,0.0,0.0,0.0,0.0,0.0,0.0
342,Bogle,Jayden,Bogle,2,DEF,11,Leeds,LEE,4.5,d,75.0,0.2,6.0,6.0,13.4,1.2,2.0,1.7
343,Struijk,Pascal,Struijk,2,DEF,11,Leeds,LEE,4.5,a,,0.4,8.0,8.0,23.2,11.4,9.0,4.4
344,Bijol,Jaka,Bijol,2,DEF,11,Leeds,LEE,4.0,a,100.0,0.2,0.0,0.0,0.0,0.0,0.0,0.0
345,Bornauw,Sebastiaan,Bornauw,2,DEF,11,Leeds,LEE,4.0,d,75.0,0.1,0.0,0.0,0.0,0.0,0.0,0.0
346,Byram,Sam,Byram,2,DEF,11,Leeds,LEE,4.0,a,,0.3,0.0,0.0,0.0,0.0,0.0,0.0
347,Gudmundsson,Gabriel,Gudmundsson,2,DEF,11,Leeds,LEE,4.0,a,,3.1,9.0,9.0,30.4,33.6,17.0,8.1
348,Rodon,Joe,Rodon,2,DEF,11,Leeds,LEE,4.0,a,,2.2,7.0,7.0,14.4,0.6,0.0,1.5
349,Schmidt,Isaac,Schmidt,2,DEF,11,Leeds,LEE,4.0,a,,0.2,0.0,0.0,0.0,0.0,0.0,0.0
350,Aaronson,Brenden,Aaronson,3,MID,11,Leeds,LEE,5.5,a,,0.1,1.0,1.0,9.2,24.9,6.0,4.0
351,Gnonto,Wilfried,Gnonto,3,MID,11,Leeds,LEE,5.5,a,,0.3,3.0,3.0,6.6,6.3,11.0,2.4
352,Harrison,Jack,Harrison,3,MID,11,Leeds,LEE,5.5,a,,0.1,1.0,1.0,2.2,1.3,2.0,0.6
353,James,Daniel,James,3,MID,11,Leeds,LEE,5.5,a,,0.5,3.0,3.0,6.2,15.7,11.0,3.3
354,Ampadu,Ethan,Ampadu,3,MID,11,Leeds,LEE,5.0,a,,0.1,3.0,3.0,10.8,4.9,2.0,1.8
355,Greenwood,Sam,Greenwood,3,MID,11,Leeds,LEE,5.0,a,,0.1,0.0,0.0,0.0,0.0,0.0,0.0
356,Gruev,Ilia,Gruev,3,MID,11,Leeds,LEE,5.0,a,,0.0,1.0,1.0,1.6,0.3,0.0,0.2
357,Ramazani,Largie,Ramazani,3,MID,11,Leeds,LEE,5.0,a,,0.0,0.0,0.0,0.0,0.0,0.0,0.0
358,Tanaka,Tanaka,Ao,3,MID,11,Leeds,LEE,5.0,a,,0.3,3.0,3.0,2.2,24.3,9.0,3.6
359,Crew,Charlie,Crew,3,MID,11,Leeds,LEE,4.5,u,0.0,0.0,0.0,0.0,0.0,0.0,0.0,0.0
360,Gelhardt,Joe,Gelhardt,3,MID,11,Leeds,LEE,4.5,u,0.0,0.0,0.0,0.0,0.0,0.0,0.0,0.0
361,Gyabi,Darko,Gyabi,3,MID,11,Leeds,LEE,4.5,a,,0.1,0.0,0.0,0.0,0.0,0.0,0.0
362,Piroe,Joël,Piroe,4,FWD,11,Leeds,LEE,5.5,a,,1.9,2.0,2.0,2.0,5.6,44.0,5.2
363,Bamford,Patrick,Bamford,4,FWD,11,Leeds,LEE,5.0,a,,1.9,0.0,0.0,0.0,0.0,0.0,0.0
364,Mateo Joseph,Mateo,Joseph Fernández-Regatillo,4,FWD,11,Leeds,LEE,5.0,u,0.0,0.0,0.0,0.0,0.0,0.0,0.0,0.0
365,Nmecha,Lukas,Nmecha,4,FWD,11,Leeds,LEE,5.0,a,,0.5,5.0,5.0,34.0,1.6,22.0,5.8
493,Longstaff,Sean,Longstaff,3,MID,11,Leeds,LEE,5.0,a,,0.2,1.0,1.0,0.2,0.3,0.0,0.1
660,Stach,Anton,Stach,3,MID,11,Leeds,LEE,5.0,a,,0.3,8.0,8.0,28.2,63.9,22.0,11.4
665,Perri,Lucas Estella,Perri,1,GK,11,Leeds,LEE,4.5,a,,0.4,6.0,6.0,11.2,0.0,0.0,1.1
691,Calvert-Lewin,Dominic,Calvert-Lewin,4,FWD,11,Leeds,LEE,5.5,a,,0.0,0.0,0.0,0.0,0.0,0.0,0.0
366,A.Becker,Alisson,Becker,1,GK,12,Liverpool,LIV,5.5,a,,11.1,1.0,1.0,13.6,0.0,0.0,1.4
367,Mamardashvili,Giorgi,Mamardashvili,1,GK,12,Liverpool,LIV,4.5,a,,0.4,0.0,0.0,0.0,0.0,0.0,0.0
368,Pécsi,Ármin,Pécsi,1,GK,12,Liverpool,LIV,4.0,a,,0.1,0.0,0.0,0.0,0.0,0.0,0.0
369,Woodman,Freddie,Woodman,1,GK,12,Liverpool,LIV,4.0,a,,0.1,0.0,0.0,0.0,0.0,0.0,0.0
370,Frimpong,Jeremie,Frimpong,2,DEF,12,Liverpool,LIV,6.0,a,,29.2,1.0,1.0,5.4,1.3,2.0,0.9
371,Kerkez,Milos,Kerkez,2,DEF,12,Liverpool,LIV,6.0,a,,6.1,0.0,0.0,8.4,1.3,0.0,1.0
372,Robertson,Andrew,Robertson,2,DEF,12,Liverpool,LIV,6.0,a,,1.3,0.0,0.0,5.4,4.1,2.0,1.2
373,Virgil,Virgil,van Dijk,2,DEF,12,Liverpool,LIV,6.0,a,,23.8,3.0,3.0,49.4,0.9,25.0,7.5
374,Konaté,Ibrahima,Konaté,2,DEF,12,Liverpool,LIV,5.5,a,,2.9,1.0,1.0,21.4,0.6,0.0,2.2
375,Bradley,Conor,Bradley,2,DEF,12,Liverpool,LIV,5.0,d,50.0,0.1,0.0,0.0,0.0,0.0,0.0,0.0
376,Gomez,Joe,Gomez,2,DEF,12,Liverpool,LIV,5.0,a,100.0,0.1,1.0,1.0,2.4,0.4,0.0,0.3
377,Tsimikas,Konstantinos,Tsimikas,2,DEF,12,Liverpool,LIV,5.0,a,,0.1,0.0,0.0,0.0,0.0,0.0,0.0
378,Nallo,Amara,Nallo,2,DEF,12,Liverpool,LIV,4.0,a,,0.1,0.0,0.0,0.0,0.0,0.0,0.0
379,R.Williams,Rhys,Williams,2,DEF,12,Liverpool,LIV,4.0,a,,0.2,0.0,0.0,0.0,0.0,0.0,0.0
380,Ramsay,Calvin,Ramsay,2,DEF,12,Liverpool,LIV,4.0,a,,0.2,0.0,0.0,0.0,0.0,0.0,0.0
381,M.Salah,Mohamed,Salah,3,MID,12,Liverpool,LIV,14.5,a,,54.0,8.0,8.0,49.0,33.8,51.0,13.4
382,Wirtz,Florian,Wirtz,3,MID,12,Liverpool,LIV,8.5,a,,29.7,2.0,2.0,12.0,45.0,12.0,6.9
383,Luis Díaz,Luis,Díaz Marulanda,3,MID,12,Liverpool,LIV,8.0,u,0.0,0.1,0.0,0.0,0.0,0.0,0.0,0.0
384,Gakpo,Cody,Gakpo,3,MID,12,Liverpool,LIV,7.5,a,,8.2,7.0,7.0,48.2,39.6,46.0,13.4
385,Chiesa,Federico,Chiesa,3,MID,12,Liverpool,LIV,6.5,a,,0.3,6.0,6.0,35.2,0.3,17.0,5.3
386,Mac Allister,Alexis,Mac Allister,3,MID,12,Liverpool,LIV,6.5,a,,1.9,5.0,5.0,27.4,15.2,11.0,5.4
387,Szoboszlai,Dominik,Szoboszlai,3,MID,12,Liverpool,LIV,6.5,a,,2.0,2.0,2.0,14.0,29.8,24.0,6.8
388,C.Jones,Curtis,Jones,3,MID,12,Liverpool,LIV,5.5,a,,0.1,1.0,1.0,3.2,10.9,0.0,1.4
389,Elliott,Harvey,Elliott,3,MID,12,Liverpool,LIV,5.5,a,,0.2,0.0,0.0,0.0,0.0,0.0,0.0
390,Gravenberch,Ryan,Gravenberch,3,MID,12,Liverpool,LIV,5.5,a,100.0,0.2,0.0,0.0,0.0,0.0,0.0,0.0
392,Endo,Endo,Wataru,3,MID,12,Liverpool,LIV,5.0,a,,0.1,4.0,4.0,24.6,10.7,0.0,3.5
393,Bajcetic,Stefan,Bajčetić Maquieira,3,MID,12,Liverpool,LIV,4.5,a,,0.0,0.0,0.0,0.0,0.0,0.0,0.0
394,McConnell,James,McConnell,3,MID,12,Liverpool,LIV,4.5,a,,0.0,0.0,0.0,0.0,0.0,0.0,0.0
395,Morton,Tyler,Morton,3,MID,12,Liverpool,LIV,4.5,u,0.0,0.0,0.0,0.0,0.0,0.0,0.0,0.0
396,Nyoni,Trey,Nyoni,3,MID,12,Liverpool,LIV,4.5,a,,0.1,0.0,0.0,0.0,0.0,0.0,0.0
397,Darwin,Darwin,Núñez Ribeiro,4,FWD,12,Liverpool,LIV,6.5,u,0.0,0.1,0.0,0.0,0.0,0.0,0.0,0.0
398,Danns,Jayden,Danns,4,FWD,12,Liverpool,LIV,4.5,a,,0.1,0.0,0.0,0.0,0.0,0.0,0.0
661,Ekitiké,Hugo,Ekitiké,4,FWD,12,Liverpool,LIV,8.6,a,,20.8,11.0,11.0,52.8,24.4,37.0,11.4
686,Ngumoha,Rio,Ngumoha,3,MID,12,Liverpool,LIV,4.5,a,,0.1,0.0,0.0,0.0,0.0,0.0,0.0
692,Leoni,Giovanni,Leoni,2,DEF,12,Liverpool,LIV,5.0,a,,0.0,0.0,0.0,0.0,0.0,0.0,0.0
182,Trafford,James,Trafford,1,GK,13,Man City,MCI,5.0,a,,2.5,7.0,7.0,28.8,0.0,0.0,2.9
399,Ederson M.,Ederson,Santana de Moraes,1,GK,13,Man City,MCI,5.5,a,,2.7,0.0,0.0,0.0,0.0,0.0,0.0
400,Ortega Moreno,Stefan,Ortega Moreno,1,GK,13,Man City,MCI,5.0,a,,0.3,0.0,0.0,0.0,0.0,0.0,0.0
401,Bettinelli,Marcus,Bettinelli,1,GK,13,Man City,MCI,4.0,a,,0.2,0.0,0.0,0.0,0.0,0.0,0.0
402,Aït-Nouri,Rayan,Aït-Nouri,2,DEF,13,Man City,MCI,6.0,a,,22.1,9.0,9.0,30.4,13.5,3.0,4.7
403,Gvardiol,Joško,Gvardiol,2,DEF,13,Man City,MCI,6.0,i,0.0,7.0,0.0,0.0,0.0,0.0,0.0,0.0
404,Akanji,Manuel,Akanji,2,DEF,13,Man City,MCI,5.5,a,,0.8,0.0,0.0,0.0,0.0,0.0,0.0
405,Aké,Nathan,Aké,2,DEF,13,Man City,MCI,5.5,a,,0.7,0.0,0.0,0.0,0.0,0.0,0.0
406,Khusanov,Abdukodir,Khusanov,2,DEF,13,Man City,MCI,5.5,a,,0.4,1.0,1.0,3.6,0.0,0.0,0.4
407,Matheus N.,Matheus,Nunes,2,DEF,13,Man City,MCI,5.5,a,,0.5,1.0,1.0,3.8,1.2,0.0,0.5
408,Rúben,Rúben,dos Santos Gato Alves Dias,2,DEF,13,Man City,MCI,5.5,a,,3.6,6.0,6.0,21.6,1.7,2.0,2.5
409,Stones,John,Stones,2,DEF,13,Man City,MCI,5.5,a,,0.9,6.0,6.0,14.4,2.2,0.0,1.7
410,Lewis,Rico,Lewis,2,DEF,13,Man City,MCI,5.0,a,,2.6,11.0,11.0,29.2,13.1,8.0,5.0
411,O’Reilly,Nico,O'Reilly,2,DEF,13,Man City,MCI,5.0,a,,0.2,0.0,0.0,0.0,5.0,0.0,0.5
412,Vitor Reis,Vitor,de Oliveira Nunes dos Reis,2,DEF,13,Man City,MCI,5.0,u,0.0,0.0,0.0,0.0,0.0,0.0,0.0,0.0
413,Marmoush,Omar,Marmoush,3,MID,13,Man City,MCI,8.4,a,,9.2,1.0,1.0,0.0,0.8,6.0,0.7
414,Foden,Phil,Foden,3,MID,13,Man City,MCI,8.0,a,100.0,1.3,0.0,0.0,0.0,0.0,0.0,0.0
415,Savinho,Sávio,Moreira de Oliveira,3,MID,13,Man City,MCI,7.0,i,0.0,0.8,0.0,0.0,0.0,0.0,0.0,0.0
416,Bernardo,Bernardo,Mota Veiga de Carvalho e Silva,3,MID,13,Man City,MCI,6.5,a,,0.8,3.0,3.0,22.0,62.0,4.0,8.8
417,Cherki,Rayan,Cherki,3,MID,13,Man City,MCI,6.5,a,,8.5,6.0,6.0,35.8,2.8,7.0,4.6
418,Doku,Jérémy,Doku,3,MID,13,Man City,MCI,6.5,a,,1.1,3.0,3.0,0.0,3.2,4.0,0.6
420,Gündoğan,İlkay,Gündoğan,3,MID,13,Man City,MCI,6.5,a,,0.2,0.0,0.0,0.0,0.0,0.0,0.0
421,Rodrigo,Rodrigo 'Rodri',Hernandez Cascante,3,MID,13,Man City,MCI,6.5,a,100.0,0.6,0.0,0.0,0.0,0.0,0.0,0.0
422,Kovačić,Mateo,Kovačić,3,MID,13,Man City,MCI,6.0,i,0.0,0.0,0.0,0.0,0.0,0.0,0.0,0.0
423,N.Gonzalez,Nico,González Iglesias,3,MID,13,Man City,MCI,6.0,a,,0.1,3.0,3.0,24.8,5.6,6.0,3.6
424,Bobb,Oscar,Bobb,3,MID,13,Man City,MCI,5.5,a,,0.3,6.0,6.0,24.6,25.4,8.0,5.8
425,Echeverri,Claudio,Echeverri,3,MID,13,Man City,MCI,5.4,a,,0.0,0.0,0.0,0.0,0.0,0.0,0.0
427,Reijnders,Tijjani,Reijnders,3,MID,13,Man City,MCI,5.6,a,,28.4,10.0,10.0,49.8,23.7,28.0,10.2
428,Nypan,Sverre,Nypan,3,MID,13,Man City,MCI,5.0,u,0.0,0.0,0.0,0.0,0.0,0.0,0.0,0.0
429,Phillips,Kalvin,Phillips,3,MID,13,Man City,MCI,5.0,a,,0.1,0.0,0.0,0.0,0.0,0.0,0.0
430,Haaland,Erling,Haaland,4,FWD,13,Man City,MCI,14.0,a,,28.5,13.0,13.0,58.0,0.3,71.0,12.9
119,Mbeumo,Bryan,Mbeumo,3,MID,14,Man Utd,MUN,8.0,a,,14.0,2.0,2.0,10.6,21.4,49.0,8.1
431,Bayindir,Altay,Bayındır,1,GK,14,Man Utd,MUN,5.0,a,,0.4,2.0,2.0,13.4,0.0,0.0,1.3
432,Onana,André,Onana,1,GK,14,Man Utd,MUN,5.0,a,100.0,0.3,0.0,0.0,0.0,0.0,0.0,0.0
433,Harrison,Elyh,Harrison,1,GK,14,Man Utd,MUN,4.0,u,0.0,0.0,0.0,0.0,0.0,0.0,0.0,0.0
434,Heaton,Tom,Heaton,1,GK,14,Man Utd,MUN,4.0,a,,0.3,0.0,0.0,0.0,0.0,0.0,0.0
435,Mee,Dermot,Mee,1,GK,14,Man Utd,MUN,4.0,a,,0.1,0.0,0.0,0.0,0.0,0.0,0.0
436,De Ligt,Matthijs,de Ligt,2,DEF,14,Man Utd,MUN,5.0,a,,2.1,4.0,4.0,33.4,16.0,26.0,7.5
437,Martinez,Lisandro,Martínez,2,DEF,14,Man Utd,MUN,5.0,i,0.0,0.1,0.0,0.0,0.0,0.0,0.0,0.0
438,Mazraoui,Noussair,Mazraoui,2,DEF,14,Man Utd,MUN,5.0,i,0.0,0.2,0.0,0.0,0.0,0.0,0.0,0.0
439,D.Leon,Diego,León Blanco,2,DEF,14,Man Utd,MUN,4.5,a,,0.1,0.0,0.0,0.0,0.0,0.0,0.0
440,Dalot,Diogo,Dalot Teixeira,2,DEF,14,Man Utd,MUN,4.5,a,,2.2,1.0,1.0,6.8,14.1,2.0,2.3
441,Dorgu,Patrick,Dorgu,2,DEF,14,Man Utd,MUN,4.5,a,,7.2,1.0,1.0,9.0,2.8,8.0,2.0
442,Maguire,Harry,Maguire,2,DEF,14,Man Utd,MUN,4.5,a,,0.7,1.0,1.0,5.2,0.5,0.0,0.6
443,Shaw,Luke,Shaw,2,DEF,14,Man Utd,MUN,4.5,a,,0.3,2.0,2.0,11.2,12.5,0.0,2.4
444,Yoro,Leny,Yoro,2,DEF,14,Man Utd,MUN,4.5,a,,1.8,4.0,4.0,18.2,2.6,0.0,2.1
445,Amass,Harry,Amass,2,DEF,14,Man Utd,MUN,4.0,a,,0.2,0.0,0.0,0.0,0.0,0.0,0.0
446,Fredricson,Tyler,Fredricson,2,DEF,14,Man Utd,MUN,4.0,a,,0.1,0.0,0.0,0.0,0.0,0.0,0.0
447,Heaven,Ayden,Heaven,2,DEF,14,Man Utd,MUN,4.0,a,,1.5,0.0,0.0,0.0,0.0,0.0,0.0
448,Malacia,Tyrell,Malacia,2,DEF,14,Man Utd,MUN,4.0,a,,0.3,0.0,0.0,0.0,0.0,0.0,0.0
449,B.Fernandes,Bruno,Borges Fernandes,3,MID,14,Man Utd,MUN,9.0,a,,21.4,2.0,2.0,25.2,65.3,9.0,10.0
450,Cunha,Matheus,Santos Carneiro da Cunha,3,MID,14,Man Utd,MUN,8.0,a,,8.7,2.0,2.0,17.8,13.3,50.0,8.1
451,Rashford,Marcus,Rashford,3,MID,14,Man Utd,MUN,7.0,u,0.0,0.0,0.0,0.0,0.0,0.0,0.0,0.0
452,Amad,Amad,Diallo,3,MID,14,Man Utd,MUN,6.5,a,,2.8,1.0,1.0,13.4,12.3,19.0,4.5
453,Garnacho,Alejandro,Garnacho Ferreyra,3,MID,14,Man Utd,MUN,6.5,a,,0.2,0.0,0.0,0.0,0.0,0.0,0.0
454,Antony,Antony,dos Santos,3,MID,14,Man Utd,MUN,6.0,a,,0.1,0.0,0.0,0.0,0.0,0.0,0.0
455,Mount,Mason,Mount,3,MID,14,Man Utd,MUN,6.0,a,,0.3,2.0,2.0,7.0,25.1,18.0,5.0
456,Sancho,Jadon,Sancho,3,MID,14,Man Utd,MUN,6.0,a,,0.1,0.0,0.0,0.0,0.0,0.0,0.0
457,Casemiro,Carlos Henrique,Casimiro,3,MID,14,Man Utd,MUN,5.5,a,,0.2,2.0,2.0,9.2,11.6,0.0,2.1
458,Mainoo,Kobbie,Mainoo,3,MID,14,Man Utd,MUN,5.0,a,,0.7,0.0,0.0,0.0,0.0,0.0,0.0
459,Ugarte,Manuel,Ugarte Ribeiro,3,MID,14,Man Utd,MUN,5.0,a,,0.2,1.0,1.0,0.0,11.4,1.0,1.2
460,Collyer,Toby,Collyer,3,MID,14,Man Utd,MUN,4.5,u,0.0,0.1,0.0,0.0,0.0,0.0,0.0,0.0
461,Fitzgerald,Jayce,Fitzgerald,3,MID,14,Man Utd,MUN,4.5,a,,0.0,0.0,0.0,0.0,0.0,0.0,0.0
462,J.Fletcher,Jack,Fletcher,3,MID,14,Man Utd,MUN,4.5,a,,0.0,0.0,0.0,0.0,0.0,0.0,0.0
463,Kone,Sékou,Koné,3,MID,14,Man Utd,MUN,4.5,a,,0.1,0.0,0.0,0.0,0.0,0.0,0.0
464,Moorhouse,Jack,Moorhouse,3,MID,14,Man Utd,MUN,4.5,a,100.0,0.0,0.0,0.0,0.0,0.0,0.0,0.0
465,Højlund,Rasmus,Højlund,4,FWD,14,Man Utd,MUN,6.5,a,,0.6,0.0,0.0,0.0,0.0,0.0,0.0
466,Zirkzee,Joshua,Zirkzee,4,FWD,14,Man Utd,MUN,6.0,a,100.0,0.4,0.0,0.0,0.0,0.0,0.0,0.0
467,Obi,Chido,Obi,4,FWD,14,Man Utd,MUN,4.5,a,,2.2,0.0,0.0,0.0,0.0,0.0,0.0
468,Wheatley,Ethan,Wheatley,4,FWD,14,Man Utd,MUN,4.5,a,100.0,0.1,0.0,0.0,0.0,0.0,0.0,0.0
681,Šeško,Benjamin,Sesko,4,FWD,14,Man Utd,MUN,7.5,a,,8.9,1.0,1.0,0.0,20.5,12.0,3.2
52,J.Ramsey,Jacob,Ramsey,3,MID,15,Newcastle,NEW,5.5,a,,0.6,0.0,0.0,0.0,0.0,0.0,0.0
469,Pope,Nick,Pope,1,GK,15,Newcastle,NEW,5.0,a,,4.0,9.0,9.0,27.0,0.0,0.0,2.7
471,Gillespie,Mark,Gillespie,1,GK,15,Newcastle,NEW,4.0,a,,0.1,0.0,0.0,0.0,0.0,0.0,0.0
472,Odysseas,Odysseas,Vlachodimos,1,GK,15,Newcastle,NEW,4.0,u,0.0,0.0,0.0,0.0,0.0,0.0,0.0,0.0
473,Hall,Lewis,Hall,2,DEF,15,Newcastle,NEW,5.5,a,,1.8,0.0,0.0,0.0,0.0,0.0,0.0
474,Schär,Fabian,Schär,2,DEF,15,Newcastle,NEW,5.5,a,,2.8,8.0,8.0,13.8,1.9,4.0,2.0
475,Botman,Sven,Botman,2,DEF,15,Newcastle,NEW,5.0,a,,0.5,0.0,0.0,0.0,0.0,0.0,0.0
476,Burn,Dan,Burn,2,DEF,15,Newcastle,NEW,5.0,a,,4.0,9.0,9.0,18.6,1.2,2.0,2.2
477,Livramento,Tino,Livramento,2,DEF,15,Newcastle,NEW,5.0,a,,4.1,9.0,9.0,18.0,25.4,4.0,4.7
478,Trippier,Kieran,Trippier,2,DEF,15,Newcastle,NEW,5.0,a,,2.2,6.0,6.0,9.8,22.5,0.0,3.2
479,Krafth,Emil,Krafth,2,DEF,15,Newcastle,NEW,4.5,a,,0.1,0.0,0.0,0.0,0.0,0.0,0.0
480,Lascelles,Jamaal,Lascelles,2,DEF,15,Newcastle,NEW,4.5,a,,0.1,0.0,0.0,0.0,0.0,0.0,0.0
481,A.Murphy,Alex,Murphy,2,DEF,15,Newcastle,NEW,4.0,a,,0.8,0.0,0.0,0.0,0.0,0.0,0.0
482,Ashby,Harrison,Ashby,2,DEF,15,Newcastle,NEW,4.0,a,,0.1,0.0,0.0,0.0,0.0,0.0,0.0
483,Pivas,Miodrag,Pivaš,2,DEF,15,Newcastle,NEW,4.0,a,,0.1,0.0,0.0,0.0,0.0,0.0,0.0
484,Targett,Matt,Targett,2,DEF,15,Newcastle,NEW,4.0,a,,0.5,0.0,0.0,0.0,0.0,0.0,0.0
485,Gordon,Anthony,Gordon,3,MID,15,Newcastle,NEW,7.5,a,100.0,1.9,3.0,3.0,5.4,13.0,41.0,5.9
486,Elanga,Anthony,Elanga,3,MID,15,Newcastle,NEW,7.0,a,,7.5,3.0,3.0,8.6,29.8,27.0,6.5
487,Barnes,Harvey,Barnes,3,MID,15,Newcastle,NEW,6.5,a,,0.5,3.0,3.0,12.8,56.8,25.0,9.5
488,Bruno G.,Bruno,Guimarães Rodriguez Moura,3,MID,15,Newcastle,NEW,6.5,a,,1.6,3.0,3.0,7.6,22.6,2.0,3.2
489,J.Murphy,Jacob,Murphy,3,MID,15,Newcastle,NEW,6.5,a,,2.0,1.0,1.0,0.6,1.3,4.0,0.6
490,Joelinton,Joelinton Cássio,Apolinário de Lira,3,MID,15,Newcastle,NEW,6.0,a,,0.5,2.0,2.0,4.4,4.2,6.0,1.5
491,Tonali,Sandro,Tonali,3,MID,15,Newcastle,NEW,5.5,a,,1.8,3.0,3.0,13.8,29.2,0.0,4.3
492,Antoñito C.,Antoñito,Cordero Campillo,3,MID,15,Newcastle,NEW,5.0,a,100.0,0.0,0.0,0.0,0.0,0.0,0.0,0.0
494,Willock,Joe,Willock,3,MID,15,Newcastle,NEW,5.0,i,0.0,0.0,0.0,0.0,0.0,0.0,0.0,0.0
495,Hayden,Isaac,Hayden,3,MID,15,Newcastle,NEW,4.5,u,0.0,0.0,0.0,0.0,0.0,0.0,0.0,0.0
496,Kuol,Garang,Kuol,3,MID,15,Newcastle,NEW,4.5,a,,0.1,0.0,0.0,0.0,0.0,0.0,0.0
497,L.Miley,Lewis,Miley,3,MID,15,Newcastle,NEW,4.5,a,,2.6,1.0,1.0,2.6,11.0,2.0,1.6
498,White,Joe,White,3,MID,15,Newcastle,NEW,4.5,u,0.0,0.0,0.0,0.0,0.0,0.0,0.0,0.0
499,Isak,Alexander,Isak,4,FWD,15,Newcastle,NEW,10.4,n,0.0,5.4,0.0,0.0,0.0,0.0,0.0,0.0
500,Osula,William,Osula,4,FWD,15,Newcastle,NEW,5.5,a,,0.2,1.0,1.0,0.0,0.3,7.0,0.7
501,Neave,Sean,Neave,4,FWD,15,Newcastle,NEW,4.5,a,,0.2,0.0,0.0,0.0,0.0,0.0,0.0
674,Ramsdale,Aaron,Ramsdale,1,GK,15,Newcastle,NEW,5.0,a,,0.9,0.0,0.0,0.0,0.0,0.0,0.0
684,Thiaw,Malick,Thiaw,2,DEF,15,Newcastle,NEW,5.0,a,,0.2,0.0,0.0,0.0,0.0,0.0,0.0
689,Seung soo,Seung-Soo,Park,3,MID,15,Newcastle,NEW,4.5,a,,0.2,0.0,0.0,0.0,0.0,0.0,0.0
426,McAtee,James,McAtee,3,MID,16,Nott'm Forest,NFO,5.5,a,,0.2,0.0,0.0,0.0,0.0,0.0,0.0
502,Sels,Matz,Sels,1,GK,16,Nott'm Forest,NFO,5.0,a,,19.6,2.0,2.0,14.6,0.0,0.0,1.5
503,C.Miguel,Carlos Miguel,dos Santos Pereira,1,GK,16,Nott'm Forest,NFO,4.0,a,,0.2,0.0,0.0,0.0,0.0,0.0,0.0
504,Turner,Matt,Turner,1,GK,16,Nott'm Forest,NFO,4.0,u,0.0,0.2,0.0,0.0,0.0,0.0,0.0,0.0
505,Milenković,Nikola,Milenković,2,DEF,16,Nott'm Forest,NFO,5.5,a,,9.8,2.0,2.0,17.2,0.5,0.0,1.8
506,Murillo,Murillo,Costa dos Santos,2,DEF,16,Nott'm Forest,NFO,5.5,a,,6.8,2.0,2.0,11.8,1.6,0.0,1.3
507,Aina,Ola,Aina,2,DEF,16,Nott'm Forest,NFO,5.0,a,,14.6,4.0,4.0,27.2,16.1,2.0,4.5
508,N.Williams,Neco,Williams,2,DEF,16,Nott'm Forest,NFO,5.0,a,,10.1,1.0,1.0,19.0,28.8,2.0,5.0
509,David Carmo,David,Mota Veiga Teixeira do Carmo,2,DEF,16,Nott'm Forest,NFO,4.5,a,,0.1,0.0,0.0,0.0,0.0,0.0,0.0
510,Jair Cunha,Jair,Paula da Cunha Filho,2,DEF,16,Nott'm Forest,NFO,4.5,a,,0.1,0.0,0.0,0.0,0.0,0.0,0.0
511,Morato,Felipe,Rodrigues da Silva,2,DEF,16,Nott'm Forest,NFO,4.5,a,,0.1,0.0,0.0,0.0,0.0,0.0,0.0
512,O.Richards,Omar,Richards,2,DEF,16,Nott'm Forest,NFO,4.5,a,,0.0,0.0,0.0,0.0,0.0,0.0,0.0
513,Abbott,Zach,Abbott,2,DEF,16,Nott'm Forest,NFO,4.0,a,,0.2,0.0,0.0,0.0,0.0,0.0,0.0
514,Boly,Willy,Boly,2,DEF,16,Nott'm Forest,NFO,4.0,a,,0.5,0.0,0.0,0.0,0.0,0.0,0.0
515,Gibbs-White,Morgan,Gibbs-White,3,MID,16,Nott'm Forest,NFO,7.5,a,,5.2,5.0,5.0,28.8,51.8,15.0,9.6
516,Hudson-Odoi,Callum,Hudson-Odoi,3,MID,16,Nott'm Forest,NFO,6.0,a,,1.1,2.0,2.0,11.8,32.3,9.0,5.3
517,Anderson,Elliot,Anderson,3,MID,16,Nott'm Forest,NFO,5.5,a,,6.5,6.0,6.0,28.6,21.3,20.0,7.0
518,Jota,João Pedro,Ferreira da Silva,3,MID,16,Nott'm Forest,NFO,5.5,a,,0.1,1.0,1.0,5.0,0.5,4.0,1.0
519,Dominguez,Nicolás,Domínguez,3,MID,16,Nott'm Forest,NFO,5.0,i,0.0,0.0,0.0,0.0,0.0,0.0,0.0,0.0
520,O'Brien,Lewis,O'Brien,3,MID,16,Nott'm Forest,NFO,5.0,u,0.0,0.0,0.0,0.0,0.0,0.0,0.0,0.0
521,Sangaré,Ibrahim,Sangaré,3,MID,16,Nott'm Forest,NFO,5.0,a,,0.1,2.0,2.0,1.4,4.2,1.0,0.7
522,Yates,Ryan,Yates,3,MID,16,Nott'm Forest,NFO,5.0,a,,0.1,1.0,1.0,4.6,1.6,2.0,0.8
523,Da Silva Moreira,Eric,da Silva Moreira,3,MID,16,Nott'm Forest,NFO,4.5,a,,0.2,0.0,0.0,0.0,0.0,0.0,0.0
524,Stamenic,Marko,Stamenić,3,MID,16,Nott'm Forest,NFO,4.5,a,,0.1,0.0,0.0,0.0,0.0,0.0,0.0
525,Wood,Chris,Wood,4,FWD,16,Nott'm Forest,NFO,7.6,a,,17.9,13.0,13.0,66.2,4.3,54.0,12.5
526,Igor Jesus,Igor Jesus,Maciel da Cruz,4,FWD,16,Nott'm Forest,NFO,6.0,a,,0.7,1.0,1.0,1.0,1.5,2.0,0.5
527,Awoniyi,Taiwo,Awoniyi,4,FWD,16,Nott'm Forest,NFO,5.5,a,,0.7,0.0,0.0,0.0,0.0,0.0,0.0
669,Ndoye,Dan,Ndoye,3,MID,16,Nott'm Forest,NFO,6.0,a,,0.7,9.0,9.0,32.2,0.8,27.0,6.0
675,Gunn,Angus,Gunn,1,GK,16,Nott'm Forest,NFO,4.0,a,,1.9,0.0,0.0,0.0,0.0,0.0,0.0
693,Hutchinson,Omari,Hutchinson,3,MID,16,Nott'm Forest,NFO,5.5,a,,0.0,0.0,0.0,0.0,0.0,0.0,0.0
696,Kalimuendo,Arnaud,Kalimuendo,4,FWD,16,Nott'm Forest,NFO,6.0,a,,0.0,0.0,0.0,0.0,0.0,0.0,0.0
252,Marc Guiu,Marc,Guiu Paz,4,FWD,17,Sunderland,SUN,4.5,a,100.0,19.8,0.0,0.0,0.0,0.0,0.0,0.0
528,Patterson,Anthony,Patterson,1,GK,17,Sunderland,SUN,4.5,a,,0.3,0.0,0.0,0.0,0.0,0.0,0.0
529,Moore,Simon,Moore,1,GK,17,Sunderland,SUN,4.0,a,,0.5,0.0,0.0,0.0,0.0,0.0,0.0
530,Nna Noukeu,Blondy,Nna Noukeu,1,GK,17,Sunderland,SUN,4.0,a,,0.2,0.0,0.0,0.0,0.0,0.0,0.0
531,Ballard,Daniel,Ballard,2,DEF,17,Sunderland,SUN,4.6,a,,4.3,17.0,17.0,69.6,0.5,64.0,13.4
532,Hume,Trai,Hume,2,DEF,17,Sunderland,SUN,4.5,a,,0.3,6.0,6.0,15.2,15.8,2.0,3.3
533,Alese,Aji,Alese,2,DEF,17,Sunderland,SUN,4.0,i,0.0,0.0,0.0,0.0,0.0,0.0,0.0,0.0
534,Anderson,Joe,Anderson,2,DEF,17,Sunderland,SUN,4.0,a,,0.5,0.0,0.0,0.0,0.0,0.0,0.0
535,Cirkin,Dennis,Cirkin,2,DEF,17,Sunderland,SUN,4.0,i,0.0,0.0,0.0,0.0,0.0,0.0,0.0,0.0
536,Hjelde,Leo Fuhr,Hjelde,2,DEF,17,Sunderland,SUN,4.0,i,0.0,0.0,0.0,0.0,0.0,0.0,0.0,0.0
537,Huggins,Niall,Huggins,2,DEF,17,Sunderland,SUN,4.0,a,,0.2,0.0,0.0,0.0,0.0,0.0,0.0
538,Johnson,Zak,Johnson,2,DEF,17,Sunderland,SUN,4.0,a,,0.2,0.0,0.0,0.0,0.0,0.0,0.0
539,O'Nien,Luke,O'Nien,2,DEF,17,Sunderland,SUN,4.0,i,0.0,0.0,0.0,0.0,0.0,0.0,0.0,0.0
540,Pembele,Timothée,Pembélé,2,DEF,17,Sunderland,SUN,4.0,a,,0.2,0.0,0.0,0.0,0.0,0.0,0.0
541,Reinildo,Reinildo,Mandava,2,DEF,17,Sunderland,SUN,4.0,a,,7.9,6.0,6.0,13.6,2.5,0.0,1.6
542,Seelt,Jenson,Seelt,2,DEF,17,Sunderland,SUN,4.0,d,75.0,0.3,1.0,1.0,15.2,0.6,0.0,1.6
543,Adingra,Simon,Adingra,3,MID,17,Sunderland,SUN,5.5,a,,1.8,6.0,6.0,0.0,14.5,6.0,2.0
544,Diarra,Habib,Diarra,3,MID,17,Sunderland,SUN,5.5,a,,0.1,3.0,3.0,7.0,2.8,20.0,3.0
545,Roberts,Patrick,Roberts,3,MID,17,Sunderland,SUN,5.5,a,,0.0,0.0,0.0,0.0,0.0,0.0,0.0
546,Aleksić,Milan,Aleksić,3,MID,17,Sunderland,SUN,5.0,a,,0.0,0.0,0.0,0.0,0.0,0.0,0.0
547,E.Le Fée,Enzo,Le Fée,3,MID,17,Sunderland,SUN,5.0,a,,0.3,1.0,1.0,3.2,0.3,0.0,0.4
548,Mundle,Romaine,Mundle,3,MID,17,Sunderland,SUN,5.0,i,0.0,0.0,0.0,0.0,0.0,0.0,0.0,0.0
549,Neil,Dan,Neil,3,MID,17,Sunderland,SUN,5.0,a,,0.0,0.0,0.0,0.0,0.0,0.0,0.0
550,Poveda,Ian,Poveda-Ocampo,3,MID,17,Sunderland,SUN,5.0,a,,0.0,0.0,0.0,0.0,0.0,0.0,0.0
551,Rigg,Chris,Rigg,3,MID,17,Sunderland,SUN,5.0,a,,0.1,1.0,1.0,0.0,0.0,0.0,0.0
552,Sadiki,Noah,Sadiki,3,MID,17,Sunderland,SUN,5.0,a,,0.0,3.0,3.0,11.0,3.8,0.0,1.5
553,Talbi,Chemsdine,Talbi,3,MID,17,Sunderland,SUN,5.0,a,,0.3,6.0,6.0,20.8,18.4,2.0,4.1
554,Ba,Abdoullah,Ba,3,MID,17,Sunderland,SUN,4.5,a,,0.3,0.0,0.0,0.0,0.0,0.0,0.0
555,Browne,Alan,Browne,3,MID,17,Sunderland,SUN,4.5,a,,0.1,0.0,0.0,0.0,0.0,0.0,0.0
556,Ekwah,Pierre,Ekwah Elimby,3,MID,17,Sunderland,SUN,4.5,u,0.0,0.0,0.0,0.0,0.0,0.0,0.0,0.0
557,H.Jones,Harrison,Jones,3,MID,17,Sunderland,SUN,4.5,a,,0.1,0.0,0.0,0.0,0.0,0.0,0.0
558,Matete,Jay,Matete,3,MID,17,Sunderland,SUN,4.5,a,,0.3,0.0,0.0,0.0,0.0,0.0,0.0
559,Triantis,Nectarios,Triantis,3,MID,17,Sunderland,SUN,4.5,a,,0.1,0.0,0.0,0.0,0.0,0.0,0.0
560,Isidor,Wilson,Isidor,4,FWD,17,Sunderland,SUN,5.5,a,,0.3,5.0,5.0,34.2,0.1,17.0,5.1
561,Mayenda,Eliezer,Mayenda Dossou,4,FWD,17,Sunderland,SUN,5.5,a,,1.5,8.0,8.0,34.0,11.3,26.0,7.1
562,Abdullahi,Ahmed,Abdullahi,4,FWD,17,Sunderland,SUN,4.5,a,,0.6,0.0,0.0,0.0,0.0,0.0,0.0
563,Luís Hemir,Luís Hemir,Silva Semedo,4,FWD,17,Sunderland,SUN,4.5,a,,0.2,0.0,0.0,0.0,0.0,0.0,0.0
564,Rusyn,Nazarii,Rusyn,4,FWD,17,Sunderland,SUN,4.5,a,,0.2,0.0,0.0,0.0,0.0,0.0,0.0
668,Xhaka,Granit,Xhaka,3,MID,17,Sunderland,SUN,5.0,a,,2.9,3.0,3.0,15.4,31.8,0.0,4.7
670,Roefs,Robin,Roefs,1,GK,17,Sunderland,SUN,4.5,a,,0.8,8.0,8.0,30.0,0.0,0.0,3.0
678,Masuaku,Arthur,Masuaku,2,DEF,17,Sunderland,SUN,4.0,a,100.0,0.8,0.0,0.0,0.0,0.0,0.0,0.0
683,Alderete,Omar,Alderete,2,DEF,17,Sunderland,SUN,4.0,a,,1.2,4.0,4.0,30.0,14.4,0.0,4.4
694,Mukiele,Nordi,Mukiele,2,DEF,17,Sunderland,SUN,4.0,a,,0.2,0.0,0.0,0.0,0.0,0.0,0.0
565,Vicario,Guglielmo,Vicario,1,GK,18,Spurs,TOT,5.0,a,,4.4,9.0,9.0,30.0,0.0,0.0,3.0
566,Austin,Brandon,Austin,1,GK,18,Spurs,TOT,4.0,a,,0.3,0.0,0.0,0.0,0.0,0.0,0.0
567,Kinsky,Antonín,Kinský,1,GK,18,Spurs,TOT,4.0,a,,2.1,0.0,0.0,0.0,0.0,0.0,0.0
568,Pedro Porro,Pedro,Porro Sauceda,2,DEF,18,Spurs,TOT,5.5,a,,22.2,6.0,6.0,21.2,42.8,1.0,6.5
569,Romero,Cristian,Romero,2,DEF,18,Spurs,TOT,5.0,a,,3.7,6.0,6.0,18.0,1.4,6.0,2.5
570,Danso,Kevin,Danso,2,DEF,18,Spurs,TOT,4.5,a,,0.2,0.0,0.0,0.0,0.0,0.0,0.0
571,Davies,Ben,Davies,2,DEF,18,Spurs,TOT,4.5,a,,0.1,0.0,0.0,0.0,0.0,0.0,0.0
572,Dragusin,Radu,Drăgușin,2,DEF,18,Spurs,TOT,4.5,i,0.0,0.0,0.0,0.0,0.0,0.0,0.0,0.0
573,Spence,Djed,Spence,2,DEF,18,Spurs,TOT,4.5,a,,1.3,6.0,6.0,10.0,5.8,22.0,3.8
574,Udogie,Destiny,Udogie,2,DEF,18,Spurs,TOT,4.5,i,0.0,0.6,0.0,0.0,0.0,0.0,0.0,0.0
575,Van de Ven,Micky,van de Ven,2,DEF,18,Spurs,TOT,4.5,a,,27.4,6.0,6.0,11.6,1.0,14.0,2.7
576,Phillips,Ashley,Phillips,2,DEF,18,Spurs,TOT,4.0,u,0.0,0.0,0.0,0.0,0.0,0.0,0.0,0.0
577,Takai,Takai,Kōta,2,DEF,18,Spurs,TOT,4.0,d,25.0,0.1,0.0,0.0,0.0,0.0,0.0,0.0
578,Vuskovic,Luka,Vušković,2,DEF,18,Spurs,TOT,4.0,a,,1.1,0.0,0.0,0.0,0.0,0.0,0.0
579,Son,Son,Heung-min,3,MID,18,Spurs,TOT,8.5,u,0.0,0.2,0.0,0.0,0.0,0.0,0.0,0.0
580,Johnson,Brennan,Johnson,3,MID,18,Spurs,TOT,7.0,a,,3.0,8.0,8.0,40.4,27.1,20.0,8.8
581,Maddison,James,Maddison,3,MID,18,Spurs,TOT,7.0,i,0.0,0.2,0.0,0.0,0.0,0.0,0.0,0.0
582,Kudus,Mohammed,Kudus,3,MID,18,Spurs,TOT,6.5,a,,27.3,10.0,10.0,45.4,74.0,11.0,13.0
583,Kulusevski,Dejan,Kulusevski,3,MID,18,Spurs,TOT,6.5,i,0.0,0.0,0.0,0.0,0.0,0.0,0.0,0.0
584,Tel,Mathys,Tel,3,MID,18,Spurs,TOT,6.4,a,,0.1,1.0,1.0,0.0,0.1,0.0,0.0
585,Bentancur,Rodrigo,Bentancur,3,MID,18,Spurs,TOT,5.5,a,,0.2,1.0,1.0,4.8,0.8,0.0,0.6
586,Bergvall,Lucas,Bergvall,3,MID,18,Spurs,TOT,5.5,a,,0.2,3.0,3.0,10.4,3.3,33.0,4.7
587,Bissouma,Yves,Bissouma,3,MID,18,Spurs,TOT,5.5,a,,0.1,0.0,0.0,0.0,0.0,0.0,0.0
588,Odobert,Wilson,Odobert,3,MID,18,Spurs,TOT,5.5,a,,0.0,1.0,1.0,2.2,10.5,0.0,1.3
589,Solomon,Manor,Solomon,3,MID,18,Spurs,TOT,5.5,d,25.0,0.0,0.0,0.0,0.0,0.0,0.0,0.0
590,Bryan,Bryan,Gil Salvatierra,3,MID,18,Spurs,TOT,5.0,a,,0.1,0.0,0.0,0.0,0.0,0.0,0.0
591,Gray,Archie,Gray,3,MID,18,Spurs,TOT,5.0,a,,0.1,3.0,3.0,3.6,3.0,2.0,0.9
592,Moore,Mikey,Moore,3,MID,18,Spurs,TOT,5.0,u,0.0,0.0,0.0,0.0,0.0,0.0,0.0,0.0
593,P.M.Sarr,Pape Matar,Sarr,3,MID,18,Spurs,TOT,5.0,a,,2.8,6.0,6.0,33.2,18.7,2.0,5.4
594,Min-hyeok,Yang,Min-hyeok,3,MID,18,Spurs,TOT,4.5,u,0.0,0.0,0.0,0.0,0.0,0.0,0.0,0.0
595,Olusesi,Callum,Olusesi,3,MID,18,Spurs,TOT,4.5,a,,0.2,0.0,0.0,0.0,0.0,0.0,0.0
596,Solanke,Dominic,Solanke-Mitchell,4,FWD,18,Spurs,TOT,7.4,a,100.0,3.9,1.0,1.0,2.0,0.3,6.0,0.8
597,Richarlison,Richarlison,de Andrade,4,FWD,18,Spurs,TOT,6.5,a,,5.4,13.0,13.0,73.6,0.5,80.0,15.4
598,Lankshear,Will,Lankshear,4,FWD,18,Spurs,TOT,4.5,u,0.0,0.1,0.0,0.0,0.0,0.0,0.0,0.0
599,Scarlett,Dane,Scarlett,4,FWD,18,Spurs,TOT,4.5,a,,0.8,0.0,0.0,0.0,0.0,0.0,0.0
673,J.Palhinha,João Maria,Lobo Alves Palhares Costa Palhinha Gonçalves,3,MID,18,Spurs,TOT,5.5,a,,0.4,1.0,1.0,0.2,0.6,0.0,0.1
600,Areola,Alphonse,Areola,1,GK,19,West Ham,WHU,4.5,a,,4.2,0.0,0.0,0.0,0.0,0.0,0.0
601,Foderingham,Wes,Foderingham,1,GK,19,West Ham,WHU,4.0,a,,0.6,0.0,0.0,0.0,0.0,0.0,0.0
602,Hegyi,Krisztián,Hegyi,1,GK,19,West Ham,WHU,4.0,a,,0.3,0.0,0.0,0.0,0.0,0.0,0.0
603,Diouf,El Hadji Malick,Diouf,2,DEF,19,West Ham,WHU,4.5,a,,7.0,1.0,1.0,10.8,30.7,10.0,5.2
604,Emerson,Emerson,Palmieri dos Santos,2,DEF,19,West Ham,WHU,4.5,a,,0.2,0.0,0.0,0.0,0.0,0.0,0.0
605,Kilman,Maximilian,Kilman,2,DEF,19,West Ham,WHU,4.5,a,,0.3,0.0,0.0,27.2,16.2,0.0,4.3
606,Mavropanos,Konstantinos,Mavropanos,2,DEF,19,West Ham,WHU,4.5,a,,0.1,0.0,0.0,0.0,0.0,0.0,0.0
607,N.Aguerd,Nayef,Aguerd,2,DEF,19,West Ham,WHU,4.5,a,,0.1,1.0,1.0,14.6,3.0,0.0,1.8
608,Scarles,Ollie,Scarles,2,DEF,19,West Ham,WHU,4.5,a,,0.0,0.0,0.0,0.0,0.0,0.0,0.0
609,Todibo,Jean-Clair,Todibo,2,DEF,19,West Ham,WHU,4.5,a,,0.1,1.0,1.0,19.8,3.1,0.0,2.3
610,Wan-Bissaka,Aaron,Wan-Bissaka,2,DEF,19,West Ham,WHU,4.5,a,,22.8,1.0,1.0,17.8,24.7,8.0,5.1
611,Casey,Kaelan,Casey,2,DEF,19,West Ham,WHU,4.0,u,0.0,0.2,0.0,0.0,0.0,0.0,0.0,0.0
612,L.Paquetá,Lucas,Tolentino Coelho de Lima,3,MID,19,West Ham,WHU,6.0,a,,0.9,2.0,2.0,5.8,14.2,4.0,2.4
613,Souček,Tomáš,Souček,3,MID,19,West Ham,WHU,6.0,a,,0.8,1.0,1.0,4.2,1.3,19.0,2.5
614,Ward-Prowse,James,Ward-Prowse,3,MID,19,West Ham,WHU,6.0,a,,0.4,2.0,2.0,5.8,15.2,2.0,2.3
615,Summerville,Crysencio,Summerville,3,MID,19,West Ham,WHU,5.5,i,0.0,0.0,0.0,0.0,0.0,0.0,0.0,0.0
616,Álvarez,Edson,Álvarez Velázquez,3,MID,19,West Ham,WHU,5.0,a,,0.2,0.0,0.0,0.0,0.0,0.0,0.0
617,Cornet,Maxwel,Cornet,3,MID,19,West Ham,WHU,5.0,a,,0.0,0.0,0.0,0.0,0.0,0.0,0.0
618,G.Rodriguez,Guido,Rodríguez,3,MID,19,West Ham,WHU,5.0,a,,0.1,2.0,2.0,2.2,2.3,2.0,0.7
619,L.Guilherme,Luis Guilherme,Lira dos Santos,3,MID,19,West Ham,WHU,5.0,a,,0.0,0.0,0.0,0.0,0.0,0.0,0.0
620,Earthy,George,Earthy,3,MID,19,West Ham,WHU,4.5,i,0.0,0.1,0.0,0.0,0.0,0.0,0.0,0.0
621,Irving,Andy,Irving,3,MID,19,West Ham,WHU,4.5,a,,0.3,1.0,1.0,4.4,14.8,0.0,1.9
622,Orford,Lewis,Orford,3,MID,19,West Ham,WHU,4.5,a,,0.1,0.0,0.0,0.0,0.0,0.0,0.0
623,Potts,Freddie,Potts,3,MID,19,West Ham,WHU,4.5,a,,0.7,0.0,0.0,0.0,0.0,0.0,0.0
624,Bowen,Jarrod,Bowen,4,FWD,19,West Ham,WHU,8.0,a,,14.2,2.0,2.0,10.6,4.3,34.0,4.9
625,Füllkrug,Niclas,Füllkrug,4,FWD,19,West Ham,WHU,6.0,a,,3.3,2.0,2.0,0.8,14.5,34.0,4.9
626,Marshall,Callum,Marshall,4,FWD,19,West Ham,WHU,4.5,a,,0.7,0.0,0.0,0.0,0.0,0.0,0.0
659,Walker-Peters,Kyle,Walker-Peters,2,DEF,19,West Ham,WHU,4.5,a,,0.4,0.0,0.0,0.0,0.0,0.0,0.0
671,Wilson,Callum,Wilson,4,FWD,19,West Ham,WHU,6.0,a,,0.5,1.0,1.0,0.0,0.0,8.0,0.5
679,Hermansen,Mads,Hermansen,1,GK,19,West Ham,WHU,4.5,a,,0.3,1.0,1.0,21.0,0.0,0.0,2.1
627,Johnstone,Sam,Johnstone,1,GK,20,Wolves,WOL,4.5,a,,0.1,0.0,0.0,0.0,0.0,0.0,0.0
628,José Sá,José,Malheiro de Sá,1,GK,20,Wolves,WOL,4.5,a,,2.0,0.0,0.0,3.6,0.0,0.0,0.4
629,Bentley,Daniel,Bentley,1,GK,20,Wolves,WOL,4.0,a,,0.8,0.0,0.0,0.0,0.0,0.0,0.0
631,Agbadou,Emmanuel,Agbadou,2,DEF,20,Wolves,WOL,4.5,a,,0.4,0.0,0.0,11.8,0.3,1.0,1.3
632,Doherty,Matt,Doherty,2,DEF,20,Wolves,WOL,4.5,a,,0.2,-1.0,-1.0,9.8,5.9,0.0,1.6
633,H.Bueno,Hugo,Bueno López,2,DEF,20,Wolves,WOL,4.5,a,,0.1,1.0,1.0,4.4,11.1,6.0,2.2
634,Mosquera,Yerson,Mosquera Valdelamar,2,DEF,20,Wolves,WOL,4.5,a,,0.1,0.0,0.0,0.0,0.0,0.0,0.0
635,R.Gomes,Rodrigo,Martins Gomes,2,DEF,20,Wolves,WOL,4.5,a,,0.1,1.0,1.0,2.2,1.0,4.0,0.7
636,S.Bueno,Santiago,Ignacio Bueno,2,DEF,20,Wolves,WOL,4.5,a,,0.1,0.0,0.0,0.0,0.0,0.0,0.0
637,Toti,Toti,Gomes,2,DEF,20,Wolves,WOL,4.5,a,,0.2,0.0,0.0,14.6,10.8,0.0,2.5
638,Hoever,Ki-Jana,Hoever,2,DEF,20,Wolves,WOL,4.0,a,,2.3,1.0,1.0,17.6,19.8,0.0,3.7
639,Meupiyou,Bastien,Meupiyou Menadjou,2,DEF,20,Wolves,WOL,4.0,u,0.0,0.0,0.0,0.0,0.0,0.0,0.0,0.0
640,Pedro Lima,Pedro,Cardoso de Lima,2,DEF,20,Wolves,WOL,4.0,a,,1.1,0.0,0.0,0.0,0.0,0.0,0.0
641,Pond,Alfie,Pond,2,DEF,20,Wolves,WOL,4.0,a,,1.5,0.0,0.0,0.0,0.0,0.0,0.0
642,Hee Chan,Hwang,Hee-chan,3,MID,20,Wolves,WOL,6.0,a,,0.2,1.0,1.0,3.0,10.3,0.0,1.3
643,André,André,Trindade da Costa Neto,3,MID,20,Wolves,WOL,5.5,a,,0.1,4.0,4.0,15.6,1.7,0.0,1.7
644,Bellegarde,Jean-Ricner,Bellegarde,3,MID,20,Wolves,WOL,5.5,a,,0.1,2.0,2.0,4.6,17.7,5.0,2.7
645,Fer López,Fer,López González,3,MID,20,Wolves,WOL,5.5,a,,0.0,1.0,1.0,3.4,0.6,19.0,2.3
646,Gomes,João Victor,Gomes da Silva,3,MID,20,Wolves,WOL,5.5,a,,0.1,2.0,2.0,19.4,14.8,4.0,3.8
647,Guedes,Gonçalo Manuel,Ganchinho Guedes,3,MID,20,Wolves,WOL,5.5,u,0.0,0.0,0.0,0.0,0.0,0.0,0.0,0.0
648,Munetsi,Marshall,Munetsi,3,MID,20,Wolves,WOL,5.5,a,,0.1,2.0,2.0,8.4,6.5,7.0,2.2
649,B.Traore,Boubacar,Traoré,3,MID,20,Wolves,WOL,5.0,u,0.0,0.0,0.0,0.0,0.0,0.0,0.0,0.0
650,Chirewa,Tawanda,Chirewa,3,MID,20,Wolves,WOL,4.5,a,,0.3,0.0,0.0,0.0,0.0,0.0,0.0
651,Edozie,Tom,Edozie,3,MID,20,Wolves,WOL,4.5,a,,0.4,0.0,0.0,0.0,0.0,0.0,0.0
652,Gonzalez,Enso,González Medina,3,MID,20,Wolves,WOL,4.5,a,,1.5,0.0,0.0,0.0,0.0,0.0,0.0
653,Hodge,Joe,Hodge,3,MID,20,Wolves,WOL,4.5,u,0.0,0.1,0.0,0.0,0.0,0.0,0.0,0.0
654,Strand Larsen,Jørgen,Strand Larsen,4,FWD,20,Wolves,WOL,6.5,a,,4.6,2.0,2.0,11.0,2.3,45.0,5.8
655,Fábio Silva,Fábio,Soares Silva,4,FWD,20,Wolves,WOL,5.0,a,,0.6,0.0,0.0,0.0,0.0,0.0,0.0
656,Kalajdžić,Saša,Kalajdžić,4,FWD,20,Wolves,WOL,5.0,a,,0.1,0.0,0.0,0.0,0.0,0.0,0.0
657,Chiwome,Leon,Chiwome,4,FWD,20,Wolves,WOL,4.5,i,0.0,0.0,0.0,0.0,0.0,0.0,0.0,0.0
658,Fraser,Nathan,Fraser,4,FWD,20,Wolves,WOL,4.5,a,,2.5,0.0,0.0,0.0,0.0,0.0,0.0
663,J.Arias,Jhon,Arias,3,MID,20,Wolves,WOL,5.5,a,,0.6,1.0,1.0,2.2,12.0,2.0,1.6
682,Møller Wolfe,David,Møller Wolfe,2,DEF,20,Wolves,WOL,4.5,a,,0.1,1.0,1.0,7.2,0.8,2.0,1.0
695,Tchatchoua,Jackson,Tchatchoua,2,DEF,20,Wolves,WOL,4.5,a,,0.0,0.0,0.0,0.0,0.0,0.0,0.0
